/*
Navicat MySQL Data Transfer

Source Server         : 103.235.230.216
Source Server Version : 50719
Source Host           : 103.235.230.216:3306
Source Database       : paymanagerdb

Target Server Type    : MYSQL
Target Server Version : 50719
File Encoding         : 65001

Date: 2017-11-01 09:24:43
*/

SET FOREIGN_KEY_CHECKS=0;

-- ----------------------------
-- Table structure for sys_data_dictionary
-- ----------------------------
DROP TABLE IF EXISTS `sys_data_dictionary`;
CREATE TABLE `sys_data_dictionary` (
  `id` int(11) NOT NULL AUTO_INCREMENT,
  `keyz` varchar(100) NOT NULL COMMENT '关键字',
  `valuez` varchar(150) DEFAULT NULL COMMENT '多个值之间用英文,隔开',
  `descz` varchar(500) DEFAULT NULL,
  `indexz` int(11) DEFAULT NULL,
  `flag` int(11) DEFAULT NULL,
  `savetime` datetime DEFAULT NULL,
  PRIMARY KEY (`id`),
  UNIQUE KEY `index_sys_data_dictionary_keyz_unique` (`keyz`,`indexz`) USING BTREE
) ENGINE=InnoDB AUTO_INCREMENT=49 DEFAULT CHARSET=utf8mb4;

-- ----------------------------
-- Records of sys_data_dictionary
-- ----------------------------
INSERT INTO `sys_data_dictionary` VALUES ('1', 'kaola.pic.prefix', 'http://wifi.hainanairlines.com/daily/resources/m/airshop/kaola/', '考拉详情页面中的图片前面追加地址\r\n./kaola/\r\nhttp://wifi.hainanairlines.com/daily/resources/m/airshop/kaola/\r\n更改地址后需要刷新缓存然后更新考拉商品', '0', '0', '2017-07-27 10:33:40');
INSERT INTO `sys_data_dictionary` VALUES ('2', 'kaola.pic.detailStr.export', 'true', 'values为true不导出detailStr该字段,否则导出', '0', '0', '2017-07-27 10:33:40');
INSERT INTO `sys_data_dictionary` VALUES ('7', 'portalpay.status', '0', '未支付', '1', '10', '2017-07-27 14:19:45');
INSERT INTO `sys_data_dictionary` VALUES ('8', 'portalpay.status', '1', '支付成功', '2', '10', '2017-07-27 14:21:50');
INSERT INTO `sys_data_dictionary` VALUES ('9', 'portalpay.status', '2', '支付失败', '3', '10', '2017-07-27 17:46:01');
INSERT INTO `sys_data_dictionary` VALUES ('11', 'portalpay.status', '3', '已经退款', '4', '10', '2017-07-27 17:46:37');
INSERT INTO `sys_data_dictionary` VALUES ('12', 'portalpay.status', '4', '订单作废', '5', '10', '2017-07-27 17:46:57');
INSERT INTO `sys_data_dictionary` VALUES ('13', 'jinxiutong.img.download.path', '/mnt/datadir/jinxiutong/', '锦绣通图片下载服务器地址 \r\nlinux  /mnt/datadir/jinxiutong/\r\nwindows d:/boc/', '0', '0', '2017-07-28 15:06:42');
INSERT INTO `sys_data_dictionary` VALUES ('14', 'jinxiutong.pid', '1176240', '锦绣通pid\r\n4\r\n1176240', '0', '0', '2017-07-28 15:32:32');
INSERT INTO `sys_data_dictionary` VALUES ('15', 'jinxiutong.authCode', '4f4638572ffd320340a085ebfe2a6d71', '锦绣通授权码\r\n111\r\n4f4638572ffd320340a085ebfe2a6d71', '0', '0', '2017-07-28 15:33:18');
INSERT INTO `sys_data_dictionary` VALUES ('16', 'jinxiutong.api.url', 'http://jinxiu.sjdzp.com/Api/Seller/api.json', '锦绣通api请求地址\r\nhttp://jinxiu.sjdzp.com/Api/Seller/api.json\r\nhttp://demo.demo1.sjdzp.com/Api/Seller/api.json', '0', '0', '2017-07-28 15:34:48');
INSERT INTO `sys_data_dictionary` VALUES ('17', 'jinxiutong.export.path', '/mnt/datadir/jinxiutong/', '锦绣通图片下载和数据包导出路径\r\nlinux  /mnt/datadir/jinxiutong/\r\nwindows d:/jinxiutong/', '0', '0', '2017-08-02 09:21:37');
INSERT INTO `sys_data_dictionary` VALUES ('18', 'jinxiutong.longtext.export', 'false', 'values为true不导出brief,description该字段,否则导出', '0', '0', '2017-08-02 14:28:56');
INSERT INTO `sys_data_dictionary` VALUES ('19', 'jiuxiutong.pic.prefix', './jinxiutong/', '锦绣通详情页面中的图片前面追加地址', '0', '0', '2017-08-03 14:24:53');
INSERT INTO `sys_data_dictionary` VALUES ('20', 'export.email.receiveMailsEveryDay', '1039060311@qq.com.com,guolinit@163.com,linsiwen@shareco.cn', ' 正式\r\nxl-w@hnair.com,xiujing@hnair.com,wangyue@hnair.com,xwen.chen@hnair.com\r\n测试\r\n1039060311@qq.com.com,guolinit@163.com,linsiwen@shareco.cn', '0', '0', '2017-08-11 10:13:42');
INSERT INTO `sys_data_dictionary` VALUES ('21', 'alipay.isVerifyIp', '0', '支付宝支付使用有短信还是无短信根据此标识0验证1不验证', '0', '0', '2017-08-11 13:51:35');
INSERT INTO `sys_data_dictionary` VALUES ('22', 'windows.quartz.run.flag', 'false', '在window是平台下是否运行定时任务true运行其他不运行', '0', '0', '2017-08-11 14:35:15');
INSERT INTO `sys_data_dictionary` VALUES ('23', 'jdbc.password', 'vote@4CA5D1', null, '0', '0', '2017-08-16 17:11:16');
INSERT INTO `sys_data_dictionary` VALUES ('24', 'sysconfig.data.save.path', '/home/wangxin/datadir/', null, '0', '0', '2017-08-16 17:11:16');
INSERT INTO `sys_data_dictionary` VALUES ('25', 'validationQuery', 'SELECT 1', null, '0', '0', '2017-08-16 17:11:16');
INSERT INTO `sys_data_dictionary` VALUES ('26', 'jdbc.username', 'voteuser', null, '0', '0', '2017-08-16 17:11:16');
INSERT INTO `sys_data_dictionary` VALUES ('27', 'hibernate.dialect', 'org.hibernate.dialect.MySQL5InnoDBDialect', null, '0', '0', '2017-08-16 17:11:16');
INSERT INTO `sys_data_dictionary` VALUES ('28', 'jdbc.url', 'jdbc:mysql://vote.ukebms.com:3306/votedb?useUnicode=true&characterEncoding=utf8&useSSL=false', null, '0', '0', '2017-08-16 17:11:16');
INSERT INTO `sys_data_dictionary` VALUES ('29', 'jdbc.driver', 'com.mysql.jdbc.Driver', null, '0', '0', '2017-08-16 17:11:16');
INSERT INTO `sys_data_dictionary` VALUES ('30', 'security.exclude.ips', '127.0.0.1,101.200.229.38,125.97.241.22,0:0:0:0:0:0:0:1,10.0.1.40,101.226.64.177,210.131.155.168,103.235.230.216,103.235.230.215,122.14.61.20', '允许访问的ip地址', '0', '0', '2017-08-16 17:20:17');
INSERT INTO `sys_data_dictionary` VALUES ('31', '119', 'appKey', '0002', '1', '10', '2017-08-16 17:27:21');
INSERT INTO `sys_data_dictionary` VALUES ('32', '119', 'authCode', '0003', '2', '10', '2017-08-16 17:27:21');
INSERT INTO `sys_data_dictionary` VALUES ('34', 'airshop.img.upload.path', '/mnt/datadir/airshop/upload/', 'airshop图片上传地址', '0', '0', '2017-08-17 16:44:15');
INSERT INTO `sys_data_dictionary` VALUES ('35', 'longurl.to.shorturl', '1', 'https://h5.youzan.com/v2/ump/promocard/fetch?alias=8hbwu5di', '1', '10', '2017-08-23 16:03:37');
INSERT INTO `sys_data_dictionary` VALUES ('36', 'longurl.to.shorturl', '2', 'https://h5.youzan.com/v2/ump/promocard/fetch?alias=2xwnqgln', '2', '10', '2017-08-23 16:03:37');
INSERT INTO `sys_data_dictionary` VALUES ('37', 'longurl.to.shorturl', '3', 'https://h5.youzan.com/v2/showcase/homepage?alias=1gylkrwhc', '3', '10', '2017-08-23 16:03:37');
INSERT INTO `sys_data_dictionary` VALUES ('38', 'telephone.txt.exportpath', '/mnt/datadir/telephone/', '手机号码去重', '0', '0', '2017-08-24 14:35:56');
INSERT INTO `sys_data_dictionary` VALUES ('39', 'telephone.txt.export.size.split', '2000', '电话号码每2000个分割，因为短信平台最多支持2000个', '0', '0', '2017-08-24 15:23:38');
INSERT INTO `sys_data_dictionary` VALUES ('42', 'longurl.to.shorturl', '4', 'http://mp.weixin.qq.com/s/Z-RqiIGP_x_OFipWFvgZ5Q', '4', '10', '2017-08-25 17:54:12');
INSERT INTO `sys_data_dictionary` VALUES ('44', 'security.exclude.urls', '/common/jsonReceiveExtra,/common/postReceiveExtra,/common/jsonReceive,/common/jsonReceive,/common/operate,/common/req,/common/uploadFiles', '允许访问的url地址', '0', '0', '2017-08-29 10:33:04');
INSERT INTO `sys_data_dictionary` VALUES ('45', 'flush.sys.properties', 'true', '是否刷新系统资源文件\r\ntrue刷新false不刷新', '0', '0', '2017-08-30 11:44:42');
INSERT INTO `sys_data_dictionary` VALUES ('46', 'logistics.type', '0', '未发货', '1', '10', '2017-09-06 11:23:28');
INSERT INTO `sys_data_dictionary` VALUES ('47', 'logistics.type', '1', '已发货', '2', '10', '2017-09-06 11:23:53');
INSERT INTO `sys_data_dictionary` VALUES ('48', 'logistics.type', '2', '已收货', '3', '10', '2017-09-06 11:24:10');

-- ----------------------------
-- Table structure for sys_err_mess
-- ----------------------------
DROP TABLE IF EXISTS `sys_err_mess`;
CREATE TABLE `sys_err_mess` (
  `id` bigint(20) NOT NULL AUTO_INCREMENT,
  `project` smallint(4) DEFAULT NULL,
  `method` text,
  `errMess` text,
  `savetime` datetime DEFAULT NULL,
  PRIMARY KEY (`id`)
) ENGINE=InnoDB AUTO_INCREMENT=10 DEFAULT CHARSET=utf8mb4;

-- ----------------------------
-- Records of sys_err_mess
-- ----------------------------
INSERT INTO `sys_err_mess` VALUES ('1', '1', 'callbackInformationCart', 'javax.xml.bind.UnmarshalException\n - with linked exception:\n[org.xml.sax.SAXParseException; lineNumber: 1; columnNumber: 1; 文件提前结束。]', '2017-10-31 11:50:55');
INSERT INTO `sys_err_mess` VALUES ('2', '1', 'callbackInformationCart', 'javax.xml.bind.UnmarshalException\n - with linked exception:\n[org.xml.sax.SAXParseException; lineNumber: 1; columnNumber: 1; 文件提前结束。]', '2017-10-31 11:59:29');
INSERT INTO `sys_err_mess` VALUES ('3', '1', 'callbackInformationCart', 'javax.xml.bind.UnmarshalException\n - with linked exception:\n[org.xml.sax.SAXParseException; lineNumber: 1; columnNumber: 1; 文件提前结束。]', '2017-10-31 11:59:51');
INSERT INTO `sys_err_mess` VALUES ('4', '1', 'callbackInformationCart', 'javax.xml.bind.UnmarshalException\n - with linked exception:\n[org.xml.sax.SAXParseException; lineNumber: 1; columnNumber: 1; 文件提前结束。]', '2017-10-31 12:01:03');
INSERT INTO `sys_err_mess` VALUES ('5', '1', 'asyCallbackCart', 'javax.xml.bind.UnmarshalException\n - with linked exception:\n[org.xml.sax.SAXParseException; lineNumber: 1; columnNumber: 1; 文件提前结束。]', '2017-10-31 12:01:31');
INSERT INTO `sys_err_mess` VALUES ('6', '1', '[java.lang.Thread.getStackTrace(Thread.java:1556), com.xilehang.common.util.CommonErrMessUtil.saveErrMess(CommonErrMessUtil.java:31), com.xilehang.weixin.controller.WeixinController.asyCallbackCart(WeixinController.java:367), sun.reflect.NativeMethodAccessorImpl.invoke0(Native Method), sun.reflect.NativeMethodAccessorImpl.invoke(NativeMethodAccessorImpl.java:62), sun.reflect.DelegatingMethodAccessorImpl.invoke(DelegatingMethodAccessorImpl.java:43), java.lang.reflect.Method.invoke(Method.java:498), org.springframework.web.method.support.InvocableHandlerMethod.doInvoke(InvocableHandlerMethod.java:220), org.springframework.web.method.support.InvocableHandlerMethod.invokeForRequest(InvocableHandlerMethod.java:134), org.springframework.web.servlet.mvc.method.annotation.ServletInvocableHandlerMethod.invokeAndHandle(ServletInvocableHandlerMethod.java:116), org.springframework.web.servlet.mvc.method.annotation.RequestMappingHandlerAdapter.invokeHandlerMethod(RequestMappingHandlerAdapter.java:827), org.springframework.web.servlet.mvc.method.annotation.RequestMappingHandlerAdapter.handleInternal(RequestMappingHandlerAdapter.java:738), org.springframework.web.servlet.mvc.method.AbstractHandlerMethodAdapter.handle(AbstractHandlerMethodAdapter.java:85), org.springframework.web.servlet.DispatcherServlet.doDispatch(DispatcherServlet.java:963), org.springframework.web.servlet.DispatcherServlet.doService(DispatcherServlet.java:897), org.springframework.web.servlet.FrameworkServlet.processRequest(FrameworkServlet.java:970), org.springframework.web.servlet.FrameworkServlet.doGet(FrameworkServlet.java:861), javax.servlet.http.HttpServlet.service(HttpServlet.java:622), org.springframework.web.servlet.FrameworkServlet.service(FrameworkServlet.java:846), javax.servlet.http.HttpServlet.service(HttpServlet.java:729), org.apache.catalina.core.ApplicationFilterChain.internalDoFilter(ApplicationFilterChain.java:230), org.apache.catalina.core.ApplicationFilterChain.doFilter(ApplicationFilterChain.java:165), org.apache.tomcat.websocket.server.WsFilter.doFilter(WsFilter.java:52), org.apache.catalina.core.ApplicationFilterChain.internalDoFilter(ApplicationFilterChain.java:192), org.apache.catalina.core.ApplicationFilterChain.doFilter(ApplicationFilterChain.java:165), com.ctl.sys.manger.framework.filter.EXTCharacterEncodingFilter.doFilterInternal(EXTCharacterEncodingFilter.java:28), org.springframework.web.filter.OncePerRequestFilter.doFilter(OncePerRequestFilter.java:107), org.apache.catalina.core.ApplicationFilterChain.internalDoFilter(ApplicationFilterChain.java:192), org.apache.catalina.core.ApplicationFilterChain.doFilter(ApplicationFilterChain.java:165), org.apache.catalina.core.StandardWrapperValve.invoke(StandardWrapperValve.java:198), org.apache.catalina.core.StandardContextValve.invoke(StandardContextValve.java:108), org.apache.catalina.authenticator.AuthenticatorBase.invoke(AuthenticatorBase.java:472), org.apache.catalina.core.StandardHostValve.invoke(StandardHostValve.java:140), org.apache.catalina.valves.ErrorReportValve.invoke(ErrorReportValve.java:79), org.apache.catalina.valves.AbstractAccessLogValve.invoke(AbstractAccessLogValve.java:620), org.apache.catalina.core.StandardEngineValve.invoke(StandardEngineValve.java:87), org.apache.catalina.connector.CoyoteAdapter.service(CoyoteAdapter.java:349), org.apache.coyote.http11.Http11Processor.service(Http11Processor.java:783), org.apache.coyote.AbstractProcessorLight.process(AbstractProcessorLight.java:66), org.apache.coyote.AbstractProtocol$ConnectionHandler.process(AbstractProtocol.java:789), org.apache.tomcat.util.net.NioEndpoint$SocketProcessor.doRun(NioEndpoint.java:1455), org.apache.tomcat.util.net.SocketProcessorBase.run(SocketProcessorBase.java:49), java.util.concurrent.ThreadPoolExecutor.runWorker(ThreadPoolExecutor.java:1142), java.util.concurrent.ThreadPoolExecutor$Worker.run(ThreadPoolExecutor.java:617), org.apache.tomcat.util.threads.TaskThread$WrappingRunnable.run(TaskThread.java:61), java.lang.Thread.run(Thread.java:745)]', 'javax.xml.bind.UnmarshalException\n - with linked exception:\n[org.xml.sax.SAXParseException; lineNumber: 1; columnNumber: 1; 文件提前结束。]', '2017-10-31 14:35:36');
INSERT INTO `sys_err_mess` VALUES ('7', '1', '[java.lang.Thread.getStackTrace(Thread.java:1556), com.xilehang.common.util.CommonErrMessUtil.saveErrMess(CommonErrMessUtil.java:31), com.xilehang.weixin.controller.WeixinController.callbackInformationCart(WeixinController.java:211), sun.reflect.NativeMethodAccessorImpl.invoke0(Native Method), sun.reflect.NativeMethodAccessorImpl.invoke(NativeMethodAccessorImpl.java:62), sun.reflect.DelegatingMethodAccessorImpl.invoke(DelegatingMethodAccessorImpl.java:43), java.lang.reflect.Method.invoke(Method.java:498), org.springframework.web.method.support.InvocableHandlerMethod.doInvoke(InvocableHandlerMethod.java:220), org.springframework.web.method.support.InvocableHandlerMethod.invokeForRequest(InvocableHandlerMethod.java:134), org.springframework.web.servlet.mvc.method.annotation.ServletInvocableHandlerMethod.invokeAndHandle(ServletInvocableHandlerMethod.java:116), org.springframework.web.servlet.mvc.method.annotation.RequestMappingHandlerAdapter.invokeHandlerMethod(RequestMappingHandlerAdapter.java:827), org.springframework.web.servlet.mvc.method.annotation.RequestMappingHandlerAdapter.handleInternal(RequestMappingHandlerAdapter.java:738), org.springframework.web.servlet.mvc.method.AbstractHandlerMethodAdapter.handle(AbstractHandlerMethodAdapter.java:85), org.springframework.web.servlet.DispatcherServlet.doDispatch(DispatcherServlet.java:963), org.springframework.web.servlet.DispatcherServlet.doService(DispatcherServlet.java:897), org.springframework.web.servlet.FrameworkServlet.processRequest(FrameworkServlet.java:970), org.springframework.web.servlet.FrameworkServlet.doGet(FrameworkServlet.java:861), javax.servlet.http.HttpServlet.service(HttpServlet.java:622), org.springframework.web.servlet.FrameworkServlet.service(FrameworkServlet.java:846), javax.servlet.http.HttpServlet.service(HttpServlet.java:729), org.apache.catalina.core.ApplicationFilterChain.internalDoFilter(ApplicationFilterChain.java:230), org.apache.catalina.core.ApplicationFilterChain.doFilter(ApplicationFilterChain.java:165), org.apache.tomcat.websocket.server.WsFilter.doFilter(WsFilter.java:52), org.apache.catalina.core.ApplicationFilterChain.internalDoFilter(ApplicationFilterChain.java:192), org.apache.catalina.core.ApplicationFilterChain.doFilter(ApplicationFilterChain.java:165), com.ctl.sys.manger.framework.filter.EXTCharacterEncodingFilter.doFilterInternal(EXTCharacterEncodingFilter.java:28), org.springframework.web.filter.OncePerRequestFilter.doFilter(OncePerRequestFilter.java:107), org.apache.catalina.core.ApplicationFilterChain.internalDoFilter(ApplicationFilterChain.java:192), org.apache.catalina.core.ApplicationFilterChain.doFilter(ApplicationFilterChain.java:165), org.apache.catalina.core.StandardWrapperValve.invoke(StandardWrapperValve.java:198), org.apache.catalina.core.StandardContextValve.invoke(StandardContextValve.java:108), org.apache.catalina.authenticator.AuthenticatorBase.invoke(AuthenticatorBase.java:472), org.apache.catalina.core.StandardHostValve.invoke(StandardHostValve.java:140), org.apache.catalina.valves.ErrorReportValve.invoke(ErrorReportValve.java:79), org.apache.catalina.valves.AbstractAccessLogValve.invoke(AbstractAccessLogValve.java:620), org.apache.catalina.core.StandardEngineValve.invoke(StandardEngineValve.java:87), org.apache.catalina.connector.CoyoteAdapter.service(CoyoteAdapter.java:349), org.apache.coyote.http11.Http11Processor.service(Http11Processor.java:783), org.apache.coyote.AbstractProcessorLight.process(AbstractProcessorLight.java:66), org.apache.coyote.AbstractProtocol$ConnectionHandler.process(AbstractProtocol.java:789), org.apache.tomcat.util.net.NioEndpoint$SocketProcessor.doRun(NioEndpoint.java:1455), org.apache.tomcat.util.net.SocketProcessorBase.run(SocketProcessorBase.java:49), java.util.concurrent.ThreadPoolExecutor.runWorker(ThreadPoolExecutor.java:1142), java.util.concurrent.ThreadPoolExecutor$Worker.run(ThreadPoolExecutor.java:617), org.apache.tomcat.util.threads.TaskThread$WrappingRunnable.run(TaskThread.java:61), java.lang.Thread.run(Thread.java:745)]', 'javax.xml.bind.UnmarshalException\n - with linked exception:\n[org.xml.sax.SAXParseException; lineNumber: 1; columnNumber: 1; 文件提前结束。]', '2017-10-31 14:35:48');
INSERT INTO `sys_err_mess` VALUES ('8', '1', 'com.xilehang.weixin.controller.WeixinController.callbackInformationCart(WeixinController.java:211)', 'javax.xml.bind.UnmarshalException\n - with linked exception:\n[org.xml.sax.SAXParseException; lineNumber: 1; columnNumber: 1; 文件提前结束。]', '2017-10-31 14:45:14');
INSERT INTO `sys_err_mess` VALUES ('9', '1', 'com.xilehang.weixin.controller.WeixinController.callbackInformationCart(WeixinController.java:211)', 'javax.xml.bind.UnmarshalException\n - with linked exception:\n[org.xml.sax.SAXParseException; lineNumber: 1; columnNumber: 1; 文件提前结束。]', '2017-10-31 15:07:02');

-- ----------------------------
-- Table structure for sys_execute_sh
-- ----------------------------
DROP TABLE IF EXISTS `sys_execute_sh`;
CREATE TABLE `sys_execute_sh` (
  `id` int(11) NOT NULL AUTO_INCREMENT,
  `path` varchar(200) DEFAULT NULL,
  `detail` varchar(200) DEFAULT NULL,
  `flag` int(4) DEFAULT NULL,
  `firstruntime` datetime DEFAULT NULL,
  `updatetime` datetime DEFAULT NULL,
  `savetime` datetime DEFAULT NULL,
  PRIMARY KEY (`id`)
) ENGINE=InnoDB AUTO_INCREMENT=2 DEFAULT CHARSET=utf8mb4;

-- ----------------------------
-- Records of sys_execute_sh
-- ----------------------------
INSERT INTO `sys_execute_sh` VALUES ('1', '/home/666shareco/apachePaymanager20083/paymanager/spoon/syncBocDataToMysql.sh', '定时执行中银数据从老平台sqlserver同步到新平台mysql', '0', null, null, '2017-07-21 16:26:35');

-- ----------------------------
-- Table structure for sys_operate_log
-- ----------------------------
DROP TABLE IF EXISTS `sys_operate_log`;
CREATE TABLE `sys_operate_log` (
  `id` int(11) NOT NULL AUTO_INCREMENT,
  `loginName` varchar(32) DEFAULT NULL,
  `loginIp` varchar(20) DEFAULT NULL,
  `name` varchar(32) DEFAULT NULL,
  `url` varchar(65) DEFAULT NULL,
  `savetime` datetime DEFAULT NULL,
  PRIMARY KEY (`id`)
) ENGINE=InnoDB AUTO_INCREMENT=43112 DEFAULT CHARSET=utf8mb4;

-- ----------------------------
-- Records of sys_operate_log
-- ----------------------------
INSERT INTO `sys_operate_log` VALUES ('1', 'liyun', '125.97.241.22', '李云', '/weixin/callbackCart/manager', '2017-10-12 17:00:28');
INSERT INTO `sys_operate_log` VALUES ('2', 'liyun', '125.97.241.22', '李云', '/weixin/callbackCart/dataGrid', '2017-10-12 17:00:28');
INSERT INTO `sys_operate_log` VALUES ('3', 'liyun', '125.97.241.22', '李云', '/common/message/manager', '2017-10-12 17:15:44');
INSERT INTO `sys_operate_log` VALUES ('4', 'liyun', '125.97.241.22', '李云', '/common/message/dataGrid', '2017-10-12 17:15:45');
INSERT INTO `sys_operate_log` VALUES ('5', 'liyun', '125.97.241.22', '李云', '/common/message/sendMessPage', '2017-10-12 17:15:56');
INSERT INTO `sys_operate_log` VALUES ('6', 'liyun', '125.97.241.22', '李云', '/common/message/sendMess', '2017-10-12 17:16:48');
INSERT INTO `sys_operate_log` VALUES ('7', 'liyun', '125.97.241.22', '李云', '/common/message/dataGrid', '2017-10-12 17:16:48');
INSERT INTO `sys_operate_log` VALUES ('8', 'liyun', '125.97.241.22', '李云', '/weixin/callbackCart/manager', '2017-10-12 17:29:35');
INSERT INTO `sys_operate_log` VALUES ('9', 'liyun', '125.97.241.22', '李云', '/weixin/callbackCart/dataGrid', '2017-10-12 17:29:35');
INSERT INTO `sys_operate_log` VALUES ('10', 'admin', '125.97.241.22', '超级管理员', '/alipay/tradeOrdersZfb/manager', '2017-10-12 17:42:54');
INSERT INTO `sys_operate_log` VALUES ('11', 'admin', '125.97.241.22', '超级管理员', '/alipay/tradeOrdersZfb/dataGrid', '2017-10-12 17:42:55');
INSERT INTO `sys_operate_log` VALUES ('12', 'admin', '125.97.241.22', '超级管理员', '/alipay/refundRecordZfb/manager', '2017-10-12 17:42:58');
INSERT INTO `sys_operate_log` VALUES ('13', 'admin', '125.97.241.22', '超级管理员', '/alipay/refundRecordZfb/dataGrid', '2017-10-12 17:42:58');
INSERT INTO `sys_operate_log` VALUES ('14', 'admin', '125.97.241.22', '超级管理员', '/alipay/tradeSeatorderZfb/manager', '2017-10-12 17:42:58');
INSERT INTO `sys_operate_log` VALUES ('15', 'admin', '125.97.241.22', '超级管理员', '/alipay/tradeSeatorderZfb/dataGrid', '2017-10-12 17:42:58');
INSERT INTO `sys_operate_log` VALUES ('16', 'admin', '125.97.241.22', '超级管理员', '/portalpay/portalpayOrder/manager', '2017-10-12 17:43:02');
INSERT INTO `sys_operate_log` VALUES ('17', 'admin', '125.97.241.22', '超级管理员', '/portalpay/portalpayOrder/dataGrid', '2017-10-12 17:43:02');
INSERT INTO `sys_operate_log` VALUES ('18', 'admin', '125.97.241.22', '超级管理员', '/portalpay/portalpayOrderSeat/manager', '2017-10-12 17:43:05');
INSERT INTO `sys_operate_log` VALUES ('19', 'admin', '125.97.241.22', '超级管理员', '/portalpay/portalpayOrderSeat/dataGrid', '2017-10-12 17:43:05');
INSERT INTO `sys_operate_log` VALUES ('20', 'admin', '125.97.241.22', '超级管理员', '/boc/tradeOrdersCartBoc/manager', '2017-10-12 17:43:07');
INSERT INTO `sys_operate_log` VALUES ('21', 'admin', '125.97.241.22', '超级管理员', '/boc/tradeOrdersCartBoc/dataGrid', '2017-10-12 17:43:07');
INSERT INTO `sys_operate_log` VALUES ('22', 'admin', '125.97.241.22', '超级管理员', '/boc/txtUploadBoc/manager', '2017-10-12 17:43:10');
INSERT INTO `sys_operate_log` VALUES ('23', 'admin', '125.97.241.22', '超级管理员', '/boc/txtUploadBoc/dataGrid', '2017-10-12 17:43:10');
INSERT INTO `sys_operate_log` VALUES ('24', 'admin', '125.97.241.22', '超级管理员', '/boc/tradeOrdersSeatBoc/manager', '2017-10-12 17:43:10');
INSERT INTO `sys_operate_log` VALUES ('25', 'admin', '125.97.241.22', '超级管理员', '/boc/tradeOrdersSeatBoc/dataGrid', '2017-10-12 17:43:10');
INSERT INTO `sys_operate_log` VALUES ('26', 'admin', '125.97.241.22', '超级管理员', '/boc/txtContentBoc/manager', '2017-10-12 17:43:14');
INSERT INTO `sys_operate_log` VALUES ('27', 'admin', '125.97.241.22', '超级管理员', '/boc/txtContentBoc/dataGrid', '2017-10-12 17:43:14');
INSERT INTO `sys_operate_log` VALUES ('28', 'admin', '125.97.241.22', '超级管理员', '/boc/tradeFeedback/manager', '2017-10-12 17:43:15');
INSERT INTO `sys_operate_log` VALUES ('29', 'admin', '125.97.241.22', '超级管理员', '/boc/tradeFeedback/dataGrid', '2017-10-12 17:43:15');
INSERT INTO `sys_operate_log` VALUES ('30', 'admin', '125.97.241.22', '超级管理员', '/weixin/informationCart/manager', '2017-10-12 17:43:23');
INSERT INTO `sys_operate_log` VALUES ('31', 'admin', '125.97.241.22', '超级管理员', '/weixin/informationCart/dataGrid', '2017-10-12 17:43:23');
INSERT INTO `sys_operate_log` VALUES ('32', 'admin', '125.97.241.22', '超级管理员', '/weixin/callbackCart/manager', '2017-10-12 17:43:34');
INSERT INTO `sys_operate_log` VALUES ('33', 'admin', '125.97.241.22', '超级管理员', '/weixin/callbackCart/dataGrid', '2017-10-12 17:43:34');
INSERT INTO `sys_operate_log` VALUES ('34', 'admin', '125.97.241.22', '超级管理员', '/portalpay/tradeOrders/manager', '2017-10-12 17:43:38');
INSERT INTO `sys_operate_log` VALUES ('35', 'admin', '125.97.241.22', '超级管理员', '/portalpay/tradeOrders/dataGrid', '2017-10-12 17:43:39');
INSERT INTO `sys_operate_log` VALUES ('36', 'admin', '125.97.241.22', '超级管理员', '/filemanager/fileUpload/manager', '2017-10-12 17:43:47');
INSERT INTO `sys_operate_log` VALUES ('37', 'admin', '125.97.241.22', '超级管理员', '/filemanager/fileUpload/dataGrid', '2017-10-12 17:43:47');
INSERT INTO `sys_operate_log` VALUES ('38', 'admin', '125.97.241.22', '超级管理员', '/common/message/manager', '2017-10-12 17:44:18');
INSERT INTO `sys_operate_log` VALUES ('39', 'admin', '125.97.241.22', '超级管理员', '/common/message/dataGrid', '2017-10-12 17:44:18');
INSERT INTO `sys_operate_log` VALUES ('40', 'admin', '125.97.241.22', '超级管理员', '/common/recharge/manager', '2017-10-12 17:44:19');
INSERT INTO `sys_operate_log` VALUES ('41', 'admin', '125.97.241.22', '超级管理员', '/common/recharge/dataGrid', '2017-10-12 17:44:20');
INSERT INTO `sys_operate_log` VALUES ('42', 'admin', '125.97.241.22', '超级管理员', '/ledou/ledouOrder/manager', '2017-10-12 17:44:29');
INSERT INTO `sys_operate_log` VALUES ('43', 'admin', '125.97.241.22', '超级管理员', '/ledou/ledouOrder/dataGrid', '2017-10-12 17:44:30');
INSERT INTO `sys_operate_log` VALUES ('44', 'admin', '125.97.241.22', '超级管理员', '/kaola/goodsInfo/manager', '2017-10-12 17:44:34');
INSERT INTO `sys_operate_log` VALUES ('45', 'admin', '125.97.241.22', '超级管理员', '/kaola/goodsInfo/dataGrid', '2017-10-12 17:44:34');
INSERT INTO `sys_operate_log` VALUES ('46', 'admin', '125.97.241.22', '超级管理员', '/kaola/orderInfo/manager', '2017-10-12 17:44:38');
INSERT INTO `sys_operate_log` VALUES ('47', 'admin', '125.97.241.22', '超级管理员', '/kaola/orderInfo/dataGrid', '2017-10-12 17:44:38');
INSERT INTO `sys_operate_log` VALUES ('48', 'admin', '125.97.241.22', '超级管理员', '/jinxiutong/goodsInfo/manager', '2017-10-12 17:44:42');
INSERT INTO `sys_operate_log` VALUES ('49', 'admin', '125.97.241.22', '超级管理员', '/jinxiutong/goodsInfo/dataGrid', '2017-10-12 17:44:43');
INSERT INTO `sys_operate_log` VALUES ('50', 'admin', '125.97.241.22', '超级管理员', '/jinxiutong/ordersInfo/manager', '2017-10-12 17:44:43');
INSERT INTO `sys_operate_log` VALUES ('51', 'admin', '125.97.241.22', '超级管理员', '/jinxiutong/ordersInfo/dataGrid', '2017-10-12 17:44:43');
INSERT INTO `sys_operate_log` VALUES ('52', 'admin', '125.97.241.22', '超级管理员', '/boc/tradeOrdersCartBoc/manager', '2017-10-12 17:48:17');
INSERT INTO `sys_operate_log` VALUES ('53', 'admin', '125.97.241.22', '超级管理员', '/boc/tradeOrdersCartBoc/dataGrid', '2017-10-12 17:48:18');
INSERT INTO `sys_operate_log` VALUES ('54', 'admin', '125.97.241.22', '超级管理员', '/boc/tradeOrdersSeatBoc/manager', '2017-10-12 17:48:18');
INSERT INTO `sys_operate_log` VALUES ('55', 'admin', '125.97.241.22', '超级管理员', '/boc/tradeOrdersSeatBoc/dataGrid', '2017-10-12 17:48:18');
INSERT INTO `sys_operate_log` VALUES ('56', 'admin', '125.97.241.22', '超级管理员', '/alipay/tradeOrdersZfb/manager', '2017-10-12 17:51:31');
INSERT INTO `sys_operate_log` VALUES ('57', 'admin', '125.97.241.22', '超级管理员', '/alipay/tradeOrdersZfb/dataGrid', '2017-10-12 17:51:32');
INSERT INTO `sys_operate_log` VALUES ('58', 'admin', '125.97.241.22', '超级管理员', '/weixin/informationCart/manager', '2017-10-13 09:03:23');
INSERT INTO `sys_operate_log` VALUES ('59', 'admin', '125.97.241.22', '超级管理员', '/weixin/informationCart/dataGrid', '2017-10-13 09:03:23');
INSERT INTO `sys_operate_log` VALUES ('60', 'admin', '125.97.241.22', '超级管理员', '/weixin/callbackCart/manager', '2017-10-13 09:03:25');
INSERT INTO `sys_operate_log` VALUES ('61', 'admin', '125.97.241.22', '超级管理员', '/weixin/callbackCart/dataGrid', '2017-10-13 09:03:25');
INSERT INTO `sys_operate_log` VALUES ('62', 'admin', '125.97.241.22', '超级管理员', '/boc/tradeOrdersCartBoc/manager', '2017-10-13 09:03:28');
INSERT INTO `sys_operate_log` VALUES ('63', 'admin', '125.97.241.22', '超级管理员', '/boc/tradeOrdersCartBoc/dataGrid', '2017-10-13 09:03:29');
INSERT INTO `sys_operate_log` VALUES ('64', 'admin', '125.97.241.22', '超级管理员', '/boc/tradeOrdersSeatBoc/manager', '2017-10-13 09:03:29');
INSERT INTO `sys_operate_log` VALUES ('65', 'admin', '125.97.241.22', '超级管理员', '/boc/tradeOrdersSeatBoc/dataGrid', '2017-10-13 09:03:30');
INSERT INTO `sys_operate_log` VALUES ('66', 'admin', '125.97.241.22', '超级管理员', '/boc/txtUploadBoc/manager', '2017-10-13 09:03:33');
INSERT INTO `sys_operate_log` VALUES ('67', 'admin', '125.97.241.22', '超级管理员', '/boc/txtUploadBoc/dataGrid', '2017-10-13 09:03:33');
INSERT INTO `sys_operate_log` VALUES ('68', 'liyun', '125.97.241.22', '李云', '/weixin/callbackCart/manager', '2017-10-13 09:10:16');
INSERT INTO `sys_operate_log` VALUES ('69', 'liyun', '125.97.241.22', '李云', '/weixin/callbackCart/dataGrid', '2017-10-13 09:10:16');
INSERT INTO `sys_operate_log` VALUES ('70', 'liyun', '125.97.241.22', '李云', '/portalpay/tradeOrders/viewGoodsPage', '2017-10-13 09:10:22');
INSERT INTO `sys_operate_log` VALUES ('71', 'liyun', '125.97.241.22', '李云', '/portalpay/tradeOrders/viewGoodsPage', '2017-10-13 09:10:25');
INSERT INTO `sys_operate_log` VALUES ('72', 'liyun', '125.97.241.22', '李云', '/boc/txtContentBoc/manager', '2017-10-13 09:21:05');
INSERT INTO `sys_operate_log` VALUES ('73', 'liyun', '125.97.241.22', '李云', '/boc/txtContentBoc/dataGrid', '2017-10-13 09:21:05');
INSERT INTO `sys_operate_log` VALUES ('74', 'liyun', '125.97.241.22', '李云', '/portalpay/portalpayOrder/manager', '2017-10-13 09:32:38');
INSERT INTO `sys_operate_log` VALUES ('75', 'liyun', '125.97.241.22', '李云', '/portalpay/portalpayOrder/dataGrid', '2017-10-13 09:32:39');
INSERT INTO `sys_operate_log` VALUES ('76', 'liyun', '125.97.241.22', '李云', '/portalpay/tradeOrders/manager', '2017-10-13 09:33:22');
INSERT INTO `sys_operate_log` VALUES ('77', 'liyun', '125.97.241.22', '李云', '/portalpay/tradeOrders/dataGrid', '2017-10-13 09:33:23');
INSERT INTO `sys_operate_log` VALUES ('78', 'liyun', '125.97.241.22', '李云', '/portalpay/tradeOrders/dataGrid', '2017-10-13 09:33:58');
INSERT INTO `sys_operate_log` VALUES ('79', 'liyun', '125.97.241.22', '李云', '/portalpay/tradeOrders/dataGrid', '2017-10-13 09:34:20');
INSERT INTO `sys_operate_log` VALUES ('80', 'liyun', '125.97.241.22', '李云', '/portalpay/tradeOrders/dataGrid', '2017-10-13 09:34:22');
INSERT INTO `sys_operate_log` VALUES ('81', 'liyun', '125.97.241.22', '李云', '/portalpay/tradeOrders/dataGrid', '2017-10-13 09:34:22');
INSERT INTO `sys_operate_log` VALUES ('82', 'liyun', '125.97.241.22', '李云', '/portalpay/tradeOrders/dataGrid', '2017-10-13 09:34:22');
INSERT INTO `sys_operate_log` VALUES ('83', 'liyun', '125.97.241.22', '李云', '/portalpay/tradeOrders/dataGrid', '2017-10-13 09:34:23');
INSERT INTO `sys_operate_log` VALUES ('84', 'liyun', '125.97.241.22', '李云', '/portalpay/tradeOrders/manager', '2017-10-13 09:34:35');
INSERT INTO `sys_operate_log` VALUES ('85', 'liyun', '125.97.241.22', '李云', '/portalpay/tradeOrders/dataGrid', '2017-10-13 09:34:36');
INSERT INTO `sys_operate_log` VALUES ('86', 'liyun', '125.97.241.22', '李云', '/portalpay/tradeOrders/dataGrid', '2017-10-13 09:35:08');
INSERT INTO `sys_operate_log` VALUES ('87', 'liyun', '125.97.241.22', '李云', '/portalpay/tradeOrders/dataGrid', '2017-10-13 09:35:25');
INSERT INTO `sys_operate_log` VALUES ('88', 'liyun', '125.97.241.22', '李云', '/portalpay/tradeOrders/dataGrid', '2017-10-13 09:35:26');
INSERT INTO `sys_operate_log` VALUES ('89', 'liyun', '125.97.241.22', '李云', '/portalpay/tradeOrders/dataGrid', '2017-10-13 09:37:35');
INSERT INTO `sys_operate_log` VALUES ('90', 'liyun', '125.97.241.22', '李云', '/portalpay/tradeOrders/dataGrid', '2017-10-13 09:37:36');
INSERT INTO `sys_operate_log` VALUES ('91', 'lsw', '121.69.129.58', '林丝雯', '/boc/tradeOrdersSeatBoc/manager', '2017-10-13 09:38:13');
INSERT INTO `sys_operate_log` VALUES ('92', 'lsw', '121.69.129.58', '林丝雯', '/boc/tradeOrdersSeatBoc/dataGrid', '2017-10-13 09:38:14');
INSERT INTO `sys_operate_log` VALUES ('93', 'lsw', '121.69.129.58', '林丝雯', '/boc/tradeOrdersSeatBoc/matchSeatOrder', '2017-10-13 09:39:03');
INSERT INTO `sys_operate_log` VALUES ('94', 'lsw', '121.69.129.58', '林丝雯', '/boc/tradeOrdersSeatBoc/getPayinfo', '2017-10-13 09:39:13');
INSERT INTO `sys_operate_log` VALUES ('95', 'lsw', '121.69.129.58', '林丝雯', '/boc/tradeOrdersSeatBoc/export', '2017-10-13 09:39:21');
INSERT INTO `sys_operate_log` VALUES ('96', 'lsw', '121.69.129.58', '林丝雯', '/boc/tradeOrdersSeatBoc/export', '2017-10-13 09:39:31');
INSERT INTO `sys_operate_log` VALUES ('97', 'liyun', '125.97.241.22', '李云', '/weixin/callbackCart/manager', '2017-10-13 09:45:06');
INSERT INTO `sys_operate_log` VALUES ('98', 'liyun', '125.97.241.22', '李云', '/weixin/callbackCart/dataGrid', '2017-10-13 09:45:06');
INSERT INTO `sys_operate_log` VALUES ('99', 'liyun', '125.97.241.22', '李云', '/portalpay/portalpayOrder/manager', '2017-10-13 09:46:14');
INSERT INTO `sys_operate_log` VALUES ('100', 'liyun', '125.97.241.22', '李云', '/portalpay/portalpayOrder/dataGrid', '2017-10-13 09:46:14');
INSERT INTO `sys_operate_log` VALUES ('101', 'admin', '125.97.241.22', '超级管理员', '/alipay/tradeOrdersZfb/manager', '2017-10-13 09:47:48');
INSERT INTO `sys_operate_log` VALUES ('102', 'admin', '125.97.241.22', '超级管理员', '/alipay/tradeOrdersZfb/dataGrid', '2017-10-13 09:47:48');
INSERT INTO `sys_operate_log` VALUES ('103', 'admin', '125.97.241.22', '超级管理员', '/alipay/tradeSeatorderZfb/manager', '2017-10-13 09:47:51');
INSERT INTO `sys_operate_log` VALUES ('104', 'admin', '125.97.241.22', '超级管理员', '/alipay/tradeSeatorderZfb/dataGrid', '2017-10-13 09:47:51');
INSERT INTO `sys_operate_log` VALUES ('105', 'admin', '125.97.241.22', '超级管理员', '/alipay//tradeGoodsZfb/manager', '2017-10-13 09:47:54');
INSERT INTO `sys_operate_log` VALUES ('106', 'admin', '125.97.241.22', '超级管理员', '/portalpay/portalpayOrder/manager', '2017-10-13 09:47:54');
INSERT INTO `sys_operate_log` VALUES ('107', 'admin', '125.97.241.22', '超级管理员', '/alipay/tradeGoodsZfb/dataGrid', '2017-10-13 09:47:54');
INSERT INTO `sys_operate_log` VALUES ('108', 'admin', '125.97.241.22', '超级管理员', '/portalpay/portalpayOrder/dataGrid', '2017-10-13 09:47:55');
INSERT INTO `sys_operate_log` VALUES ('109', 'lsw', '121.69.129.58', '林丝雯', '/boc/tradeOrdersSeatBoc/matchSeatOrder', '2017-10-13 10:01:34');
INSERT INTO `sys_operate_log` VALUES ('110', 'lsw', '121.69.129.58', '林丝雯', '/boc/tradeOrdersSeatBoc/export', '2017-10-13 10:01:38');
INSERT INTO `sys_operate_log` VALUES ('111', 'lsw', '121.69.129.58', '林丝雯', '/boc/tradeOrdersSeatBoc/export', '2017-10-13 10:01:48');
INSERT INTO `sys_operate_log` VALUES ('112', 'lsw', '121.69.129.58', '林丝雯', '/boc/tradeOrdersSeatBoc/export', '2017-10-13 10:03:05');
INSERT INTO `sys_operate_log` VALUES ('113', 'lsw', '121.69.129.58', '林丝雯', '/boc/tradeOrdersSeatBoc/export', '2017-10-13 10:03:09');
INSERT INTO `sys_operate_log` VALUES ('114', 'liyun', '125.97.241.22', '李云', '/portalpay/portalpayOrder/viewGoodsPage', '2017-10-13 10:12:02');
INSERT INTO `sys_operate_log` VALUES ('115', 'liyun', '125.97.241.22', '李云', '/portalpay/portalpayOrder/viewGoodsPage', '2017-10-13 10:21:30');
INSERT INTO `sys_operate_log` VALUES ('116', 'liyun', '125.97.241.22', '李云', '/portalpay/portalpayOrder/viewGoodsPage', '2017-10-13 10:21:35');
INSERT INTO `sys_operate_log` VALUES ('117', 'liyun', '125.97.241.22', '李云', '/common/message/manager', '2017-10-13 10:38:34');
INSERT INTO `sys_operate_log` VALUES ('118', 'liyun', '125.97.241.22', '李云', '/common/message/dataGrid', '2017-10-13 10:38:35');
INSERT INTO `sys_operate_log` VALUES ('119', 'liyun', '125.97.241.22', '李云', '/common/message/sendMessPage', '2017-10-13 10:38:43');
INSERT INTO `sys_operate_log` VALUES ('120', 'liyun', '125.97.241.22', '李云', '/common/message/sendMess', '2017-10-13 10:39:23');
INSERT INTO `sys_operate_log` VALUES ('121', 'liyun', '125.97.241.22', '李云', '/common/message/dataGrid', '2017-10-13 10:39:23');
INSERT INTO `sys_operate_log` VALUES ('41901', 'kaifa', '125.97.241.22', 'kaifa', '/alipay/tradeSeatorderZfb/manager', '2017-10-13 11:13:50');
INSERT INTO `sys_operate_log` VALUES ('41902', 'kaifa', '125.97.241.22', 'kaifa', '/alipay/tradeSeatorderZfb/dataGrid', '2017-10-13 11:13:51');
INSERT INTO `sys_operate_log` VALUES ('41903', 'kaifa', '125.97.241.22', 'kaifa', '/alipay//tradeGoodsZfb/manager', '2017-10-13 11:14:37');
INSERT INTO `sys_operate_log` VALUES ('41904', 'kaifa', '125.97.241.22', 'kaifa', '/alipay/tradeGoodsZfb/dataGrid', '2017-10-13 11:14:38');
INSERT INTO `sys_operate_log` VALUES ('41905', 'kaifa', '125.97.241.22', 'kaifa', '/alipay/tradeOrdersZfb/manager', '2017-10-13 11:14:38');
INSERT INTO `sys_operate_log` VALUES ('41906', 'kaifa', '125.97.241.22', 'kaifa', '/alipay/tradeOrdersZfb/dataGrid', '2017-10-13 11:14:38');
INSERT INTO `sys_operate_log` VALUES ('41907', 'kaifa', '125.97.241.22', 'kaifa', '/yongle/orderInfoYl/manager', '2017-10-13 11:15:29');
INSERT INTO `sys_operate_log` VALUES ('41908', 'kaifa', '125.97.241.22', 'kaifa', '/yongle/orderInfoYl/dataGrid', '2017-10-13 11:15:29');
INSERT INTO `sys_operate_log` VALUES ('41909', 'kaifa', '125.97.241.22', 'kaifa', '/yongle/fconfigInfoYl/manager', '2017-10-13 11:15:32');
INSERT INTO `sys_operate_log` VALUES ('41910', 'kaifa', '125.97.241.22', 'kaifa', '/yongle/fconfigInfoYl/dataGrid', '2017-10-13 11:15:32');
INSERT INTO `sys_operate_log` VALUES ('41911', 'admin', '125.97.241.22', '超级管理员', '/alipay/tradeOrdersZfb/manager', '2017-10-13 11:15:51');
INSERT INTO `sys_operate_log` VALUES ('41912', 'admin', '125.97.241.22', '超级管理员', '/alipay/tradeOrdersZfb/dataGrid', '2017-10-13 11:15:52');
INSERT INTO `sys_operate_log` VALUES ('41913', 'admin', '125.97.241.22', '超级管理员', '/alipay/tradeCallbackSuccessZfb/manager', '2017-10-13 11:15:53');
INSERT INTO `sys_operate_log` VALUES ('41914', 'admin', '125.97.241.22', '超级管理员', '/alipay/tradeCallbackSuccessZfb/dataGrid', '2017-10-13 11:15:53');
INSERT INTO `sys_operate_log` VALUES ('41915', 'admin', '125.97.241.22', '超级管理员', '/weixin/informationCart/manager', '2017-10-13 11:16:14');
INSERT INTO `sys_operate_log` VALUES ('41916', 'admin', '125.97.241.22', '超级管理员', '/weixin/informationCart/dataGrid', '2017-10-13 11:16:15');
INSERT INTO `sys_operate_log` VALUES ('41917', 'admin', '125.97.241.22', '超级管理员', '/weixin/callbackCart/manager', '2017-10-13 11:16:16');
INSERT INTO `sys_operate_log` VALUES ('41918', 'admin', '125.97.241.22', '超级管理员', '/weixin/callbackCart/dataGrid', '2017-10-13 11:16:16');
INSERT INTO `sys_operate_log` VALUES ('41919', 'admin', '125.97.241.22', '超级管理员', '/boc/tradeOrdersCartBoc/manager', '2017-10-13 11:17:21');
INSERT INTO `sys_operate_log` VALUES ('41920', 'admin', '125.97.241.22', '超级管理员', '/boc/tradeOrdersCartBoc/dataGrid', '2017-10-13 11:17:22');
INSERT INTO `sys_operate_log` VALUES ('41921', 'admin', '125.97.241.22', '超级管理员', '/boc/tradeOrdersSeatBoc/manager', '2017-10-13 11:17:23');
INSERT INTO `sys_operate_log` VALUES ('41922', 'admin', '125.97.241.22', '超级管理员', '/boc/tradeOrdersSeatBoc/dataGrid', '2017-10-13 11:17:24');
INSERT INTO `sys_operate_log` VALUES ('41923', 'admin', '125.97.241.22', '超级管理员', '/kaola/goodsInfo/manager', '2017-10-13 11:52:00');
INSERT INTO `sys_operate_log` VALUES ('41924', 'admin', '125.97.241.22', '超级管理员', '/kaola/goodsInfo/dataGrid', '2017-10-13 11:52:01');
INSERT INTO `sys_operate_log` VALUES ('41925', 'admin', '125.97.241.22', '超级管理员', '/kaola/orderInfo/manager', '2017-10-13 11:52:01');
INSERT INTO `sys_operate_log` VALUES ('41926', 'admin', '125.97.241.22', '超级管理员', '/kaola/orderInfo/dataGrid', '2017-10-13 11:52:01');
INSERT INTO `sys_operate_log` VALUES ('41927', 'admin', '125.97.241.22', '超级管理员', '/alipay/tradeOrdersZfb/manager', '2017-10-13 11:52:12');
INSERT INTO `sys_operate_log` VALUES ('41928', 'admin', '125.97.241.22', '超级管理员', '/alipay/tradeOrdersZfb/dataGrid', '2017-10-13 11:52:12');
INSERT INTO `sys_operate_log` VALUES ('41929', 'admin', '125.97.241.22', '超级管理员', '/alipay/tradeOrdersZfb/dataGrid', '2017-10-13 11:52:33');
INSERT INTO `sys_operate_log` VALUES ('41930', 'admin', '125.97.241.22', '超级管理员', '/alipay/tradeOrdersZfb/dataGrid', '2017-10-13 11:52:36');
INSERT INTO `sys_operate_log` VALUES ('41931', 'admin', '125.97.241.22', '超级管理员', '/alipay/tradeOrdersZfb/dataGrid', '2017-10-13 11:53:51');
INSERT INTO `sys_operate_log` VALUES ('41932', 'admin', '125.97.241.22', '超级管理员', '/alipay/tradeOrdersZfb/dataGrid', '2017-10-13 11:53:52');
INSERT INTO `sys_operate_log` VALUES ('41933', 'admin', '125.97.241.22', '超级管理员', '/alipay/tradeOrdersZfb/dataGrid', '2017-10-13 11:53:57');
INSERT INTO `sys_operate_log` VALUES ('41934', 'admin', '125.97.241.22', '超级管理员', '/alipay/tradeOrdersZfb/dataGrid', '2017-10-13 11:53:58');
INSERT INTO `sys_operate_log` VALUES ('41935', 'admin', '125.97.241.22', '超级管理员', '/alipay/tradeOrdersZfb/dataGrid', '2017-10-13 11:53:59');
INSERT INTO `sys_operate_log` VALUES ('41936', 'admin', '125.97.241.22', '超级管理员', '/alipay/tradeOrdersZfb/dataGrid', '2017-10-13 11:54:02');
INSERT INTO `sys_operate_log` VALUES ('41937', 'admin', '125.97.241.22', '超级管理员', '/alipay/tradeOrdersZfb/dataGrid', '2017-10-13 11:54:03');
INSERT INTO `sys_operate_log` VALUES ('41938', 'admin', '125.97.241.22', '超级管理员', '/alipay/tradeOrdersZfb/dataGrid', '2017-10-13 11:54:04');
INSERT INTO `sys_operate_log` VALUES ('41939', 'admin', '125.97.241.22', '超级管理员', '/alipay/tradeOrdersZfb/dataGrid', '2017-10-13 11:54:05');
INSERT INTO `sys_operate_log` VALUES ('41940', 'admin', '125.97.241.22', '超级管理员', '/alipay/tradeOrdersZfb/dataGrid', '2017-10-13 11:54:09');
INSERT INTO `sys_operate_log` VALUES ('41941', 'admin', '125.97.241.22', '超级管理员', '/alipay/tradeOrdersZfb/dataGrid', '2017-10-13 11:54:11');
INSERT INTO `sys_operate_log` VALUES ('41942', 'admin', '125.97.241.22', '超级管理员', '/alipay/tradeOrdersZfb/dataGrid', '2017-10-13 11:54:12');
INSERT INTO `sys_operate_log` VALUES ('41943', 'admin', '125.97.241.22', '超级管理员', '/alipay/tradeOrdersZfb/dataGrid', '2017-10-13 11:54:12');
INSERT INTO `sys_operate_log` VALUES ('41944', 'admin', '125.97.241.22', '超级管理员', '/alipay/tradeOrdersZfb/dataGrid', '2017-10-13 11:54:49');
INSERT INTO `sys_operate_log` VALUES ('41945', 'admin', '125.97.241.22', '超级管理员', '/alipay/tradeOrdersZfb/dataGrid', '2017-10-13 11:55:06');
INSERT INTO `sys_operate_log` VALUES ('41946', 'admin', '125.97.241.22', '超级管理员', '/alipay/tradeOrdersZfb/dataGrid', '2017-10-13 11:55:07');
INSERT INTO `sys_operate_log` VALUES ('41947', 'admin', '125.97.241.22', '超级管理员', '/alipay/tradeOrdersZfb/manager', '2017-10-13 11:59:55');
INSERT INTO `sys_operate_log` VALUES ('41948', 'admin', '125.97.241.22', '超级管理员', '/alipay/tradeOrdersZfb/dataGrid', '2017-10-13 11:59:55');
INSERT INTO `sys_operate_log` VALUES ('41949', 'admin', '125.97.241.22', '超级管理员', '/alipay/tradeOrdersZfb/dataGrid', '2017-10-13 12:00:02');
INSERT INTO `sys_operate_log` VALUES ('41950', 'admin', '125.97.241.22', '超级管理员', '/alipay/tradeOrdersZfb/dataGrid', '2017-10-13 12:07:47');
INSERT INTO `sys_operate_log` VALUES ('41951', 'liyun', '125.97.241.22', '李云', '/weixin/callbackCart/manager', '2017-10-13 13:55:33');
INSERT INTO `sys_operate_log` VALUES ('41952', 'liyun', '125.97.241.22', '李云', '/weixin/callbackCart/dataGrid', '2017-10-13 13:55:33');
INSERT INTO `sys_operate_log` VALUES ('41953', 'liyun', '125.97.241.22', '李云', '/portalpay/tradeOrders/viewGoodsPage', '2017-10-13 13:56:33');
INSERT INTO `sys_operate_log` VALUES ('41954', 'lsw', '121.69.129.58', '林丝雯', '/boc/tradeOrdersSeatBoc/manager', '2017-10-13 14:26:15');
INSERT INTO `sys_operate_log` VALUES ('41955', 'lsw', '121.69.129.58', '林丝雯', '/boc/tradeOrdersSeatBoc/dataGrid', '2017-10-13 14:26:16');
INSERT INTO `sys_operate_log` VALUES ('41956', 'lsw', '121.69.129.58', '林丝雯', '/boc/tradeOrdersSeatBoc/dataGrid', '2017-10-13 14:26:27');
INSERT INTO `sys_operate_log` VALUES ('41957', 'lsw', '121.69.129.58', '林丝雯', '/boc/tradeOrdersSeatBoc/dataGrid', '2017-10-13 14:26:42');
INSERT INTO `sys_operate_log` VALUES ('41958', 'lsw', '121.69.129.58', '林丝雯', '/boc/tradeOrdersSeatBoc/dataGrid', '2017-10-13 14:28:14');
INSERT INTO `sys_operate_log` VALUES ('41959', 'liyun', '125.97.241.22', '李云', '/portalpay/tradeOrders/viewGoodsPage', '2017-10-13 14:50:48');
INSERT INTO `sys_operate_log` VALUES ('41960', 'lsw', '121.69.129.58', '林丝雯', '/boc/txtUploadBoc/manager', '2017-10-13 14:59:53');
INSERT INTO `sys_operate_log` VALUES ('41961', 'lsw', '121.69.129.58', '林丝雯', '/boc/txtUploadBoc/dataGrid', '2017-10-13 14:59:53');
INSERT INTO `sys_operate_log` VALUES ('41962', 'lsw', '121.69.129.58', '林丝雯', '/boc/tradeOrdersSeatBoc/matchSeatOrder', '2017-10-13 14:59:58');
INSERT INTO `sys_operate_log` VALUES ('41963', 'lsw', '121.69.129.58', '林丝雯', '/boc/tradeOrdersSeatBoc/viewPage', '2017-10-13 15:02:25');
INSERT INTO `sys_operate_log` VALUES ('41964', 'lsw', '121.69.129.58', '林丝雯', '/boc/tradeOrdersSeatBoc/viewPage', '2017-10-13 15:02:42');
INSERT INTO `sys_operate_log` VALUES ('41965', 'lsw', '121.69.129.58', '林丝雯', '/boc/tradeOrdersSeatBoc/viewPage', '2017-10-13 15:02:45');
INSERT INTO `sys_operate_log` VALUES ('41966', 'lsw', '121.69.129.58', '林丝雯', '/boc/tradeOrdersSeatBoc/viewPage', '2017-10-13 15:02:48');
INSERT INTO `sys_operate_log` VALUES ('41967', 'liyun', '125.97.241.22', '李云', '/portalpay/portalpayOrder/manager', '2017-10-13 15:38:13');
INSERT INTO `sys_operate_log` VALUES ('41968', 'liyun', '125.97.241.22', '李云', '/portalpay/portalpayOrder/dataGrid', '2017-10-13 15:38:13');
INSERT INTO `sys_operate_log` VALUES ('41969', 'kaifa', '125.97.241.22', 'kaifa', '/boc/tradeOrdersSeatBoc/manager', '2017-10-13 15:39:41');
INSERT INTO `sys_operate_log` VALUES ('41970', 'kaifa', '125.97.241.22', 'kaifa', '/boc/tradeOrdersSeatBoc/dataGrid', '2017-10-13 15:39:42');
INSERT INTO `sys_operate_log` VALUES ('41971', 'admin', '125.97.241.22', '超级管理员', '/boc/tradeOrdersSeatBoc/manager', '2017-10-13 15:42:06');
INSERT INTO `sys_operate_log` VALUES ('41972', 'admin', '125.97.241.22', '超级管理员', '/boc/tradeOrdersSeatBoc/dataGrid', '2017-10-13 15:42:07');
INSERT INTO `sys_operate_log` VALUES ('41973', 'admin', '125.97.241.22', '超级管理员', '/boc/txtContentBoc/manager', '2017-10-13 15:42:10');
INSERT INTO `sys_operate_log` VALUES ('41974', 'admin', '125.97.241.22', '超级管理员', '/boc/txtContentBoc/dataGrid', '2017-10-13 15:42:10');
INSERT INTO `sys_operate_log` VALUES ('41975', 'admin', '125.97.241.22', '超级管理员', '/boc/tradeOrdersSeatBoc/manager', '2017-10-13 15:42:31');
INSERT INTO `sys_operate_log` VALUES ('41976', 'admin', '125.97.241.22', '超级管理员', '/boc/tradeOrdersSeatBoc/dataGrid', '2017-10-13 15:42:32');
INSERT INTO `sys_operate_log` VALUES ('41977', 'admin', '125.97.241.22', '超级管理员', '/boc/txtContentBoc/manager', '2017-10-13 15:42:35');
INSERT INTO `sys_operate_log` VALUES ('41978', 'admin', '125.97.241.22', '超级管理员', '/boc/txtContentBoc/dataGrid', '2017-10-13 15:42:36');
INSERT INTO `sys_operate_log` VALUES ('41979', 'admin', '125.97.241.22', '超级管理员', '/boc/tradeFeedback/manager', '2017-10-13 15:42:38');
INSERT INTO `sys_operate_log` VALUES ('41980', 'admin', '125.97.241.22', '超级管理员', '/boc/tradeFeedback/dataGrid', '2017-10-13 15:42:39');
INSERT INTO `sys_operate_log` VALUES ('41981', 'kaifa', '125.97.241.22', 'kaifa', '/boc/tradeOrdersSeatBoc/viewPage', '2017-10-13 15:48:08');
INSERT INTO `sys_operate_log` VALUES ('41982', 'kaifa', '125.97.241.22', 'kaifa', '/boc/tradeOrdersSeatBoc/viewPage', '2017-10-13 15:48:44');
INSERT INTO `sys_operate_log` VALUES ('41983', 'admin', '125.97.241.22', '超级管理员', '/boc/tradeOrdersSeatBoc/viewPage', '2017-10-13 15:49:00');
INSERT INTO `sys_operate_log` VALUES ('41984', 'kaifa', '125.97.241.22', 'kaifa', '/boc/tradeOrdersSeatBoc/viewPage', '2017-10-13 15:49:15');
INSERT INTO `sys_operate_log` VALUES ('41985', 'admin', '125.97.241.22', '超级管理员', '/common/dictionary/manager', '2017-10-13 17:06:54');
INSERT INTO `sys_operate_log` VALUES ('41986', 'admin', '125.97.241.22', '超级管理员', '/common/dictionary/dataGrid', '2017-10-13 17:06:54');
INSERT INTO `sys_operate_log` VALUES ('41987', 'admin', '125.97.241.22', '超级管理员', '/common/dictionary/editPage', '2017-10-13 17:08:12');
INSERT INTO `sys_operate_log` VALUES ('41988', 'admin', '125.97.241.22', '超级管理员', '/common/dictionary/edit', '2017-10-13 17:08:18');
INSERT INTO `sys_operate_log` VALUES ('41989', 'admin', '125.97.241.22', '超级管理员', '/common/dictionary/dataGrid', '2017-10-13 17:08:18');
INSERT INTO `sys_operate_log` VALUES ('41990', 'liyun', '125.97.241.22', '李云', '/alipay/tradeOrdersZfb/manager', '2017-10-13 17:16:23');
INSERT INTO `sys_operate_log` VALUES ('41991', 'liyun', '125.97.241.22', '李云', '/alipay/tradeOrdersZfb/dataGrid', '2017-10-13 17:16:24');
INSERT INTO `sys_operate_log` VALUES ('41992', 'liyun', '125.97.241.22', '李云', '/boc/tradeOrdersSeatBoc/manager', '2017-10-13 17:16:27');
INSERT INTO `sys_operate_log` VALUES ('41993', 'liyun', '125.97.241.22', '李云', '/boc/tradeOrdersSeatBoc/dataGrid', '2017-10-13 17:16:28');
INSERT INTO `sys_operate_log` VALUES ('41994', 'admin', '125.97.241.22', '超级管理员', '/alipay/tradeOrdersZfb/manager', '2017-10-13 17:37:04');
INSERT INTO `sys_operate_log` VALUES ('41995', 'admin', '125.97.241.22', '超级管理员', '/alipay/tradeOrdersZfb/dataGrid', '2017-10-13 17:37:04');
INSERT INTO `sys_operate_log` VALUES ('41996', 'admin', '125.97.241.22', '超级管理员', '/alipay/refundRecordZfb/manager', '2017-10-13 17:37:05');
INSERT INTO `sys_operate_log` VALUES ('41997', 'admin', '125.97.241.22', '超级管理员', '/alipay/refundRecordZfb/dataGrid', '2017-10-13 17:37:05');
INSERT INTO `sys_operate_log` VALUES ('41998', 'admin', '125.97.241.22', '超级管理员', '/alipay/tradeSeatorderZfb/manager', '2017-10-13 17:37:06');
INSERT INTO `sys_operate_log` VALUES ('41999', 'admin', '125.97.241.22', '超级管理员', '/alipay/tradeSeatorderZfb/dataGrid', '2017-10-13 17:37:06');
INSERT INTO `sys_operate_log` VALUES ('42000', 'admin', '125.97.241.22', '超级管理员', '/common/tradeLogistics/manager', '2017-10-13 17:37:10');
INSERT INTO `sys_operate_log` VALUES ('42001', 'admin', '125.97.241.22', '超级管理员', '/common/tradeLogistics/dataGrid', '2017-10-13 17:37:10');
INSERT INTO `sys_operate_log` VALUES ('42002', 'admin', '125.97.241.22', '超级管理员', '/alipay/tradeOrdersZfb/manager', '2017-10-13 17:39:44');
INSERT INTO `sys_operate_log` VALUES ('42003', 'admin', '125.97.241.22', '超级管理员', '/alipay/tradeOrdersZfb/dataGrid', '2017-10-13 17:39:45');
INSERT INTO `sys_operate_log` VALUES ('42004', 'admin', '125.97.241.22', '超级管理员', '/alipay/refundRecordZfb/manager', '2017-10-13 17:39:45');
INSERT INTO `sys_operate_log` VALUES ('42005', 'admin', '125.97.241.22', '超级管理员', '/alipay/refundRecordZfb/dataGrid', '2017-10-13 17:39:45');
INSERT INTO `sys_operate_log` VALUES ('42006', 'admin', '125.97.241.22', '超级管理员', '/alipay/tradeSeatorderZfb/manager', '2017-10-13 17:39:46');
INSERT INTO `sys_operate_log` VALUES ('42007', 'admin', '125.97.241.22', '超级管理员', '/alipay/tradeSeatorderZfb/dataGrid', '2017-10-13 17:39:46');
INSERT INTO `sys_operate_log` VALUES ('42008', 'admin', '125.97.241.22', '超级管理员', '/boc/tradeOrdersCartBoc/manager', '2017-10-13 17:39:48');
INSERT INTO `sys_operate_log` VALUES ('42009', 'admin', '125.97.241.22', '超级管理员', '/boc/tradeOrdersCartBoc/dataGrid', '2017-10-13 17:39:48');
INSERT INTO `sys_operate_log` VALUES ('42010', 'admin', '125.97.241.22', '超级管理员', '/boc/tradeOrdersSeatBoc/manager', '2017-10-13 17:39:49');
INSERT INTO `sys_operate_log` VALUES ('42011', 'admin', '125.97.241.22', '超级管理员', '/boc/tradeOrdersSeatBoc/dataGrid', '2017-10-13 17:39:49');
INSERT INTO `sys_operate_log` VALUES ('42012', 'admin', '125.97.241.22', '超级管理员', '/portalpay/tradeOrders/manager', '2017-10-13 17:39:51');
INSERT INTO `sys_operate_log` VALUES ('42013', 'admin', '125.97.241.22', '超级管理员', '/portalpay/tradeOrders/dataGrid', '2017-10-13 17:39:51');
INSERT INTO `sys_operate_log` VALUES ('42014', 'admin', '125.97.241.22', '超级管理员', '/weixin/informationCart/manager', '2017-10-13 17:39:53');
INSERT INTO `sys_operate_log` VALUES ('42015', 'admin', '125.97.241.22', '超级管理员', '/weixin/informationCart/dataGrid', '2017-10-13 17:39:53');
INSERT INTO `sys_operate_log` VALUES ('42016', 'admin', '125.97.241.22', '超级管理员', '/alipay/tradeOrdersZfb/dataGrid', '2017-10-13 17:42:05');
INSERT INTO `sys_operate_log` VALUES ('42017', 'admin', '125.97.241.22', '超级管理员', '/alipay/tradeOrdersZfb/dataGrid', '2017-10-13 17:42:25');
INSERT INTO `sys_operate_log` VALUES ('42018', 'admin', '125.97.241.22', '超级管理员', '/portalpay/portalpayOrder/manager', '2017-10-13 17:46:46');
INSERT INTO `sys_operate_log` VALUES ('42019', 'admin', '125.97.241.22', '超级管理员', '/portalpay/portalpayOrder/dataGrid', '2017-10-13 17:46:46');
INSERT INTO `sys_operate_log` VALUES ('42020', 'admin', '125.97.241.22', '超级管理员', '/portalpay/portalpayOrderSeat/manager', '2017-10-13 17:46:46');
INSERT INTO `sys_operate_log` VALUES ('42021', 'admin', '125.97.241.22', '超级管理员', '/portalpay/portalpayOrderSeat/dataGrid', '2017-10-13 17:46:47');
INSERT INTO `sys_operate_log` VALUES ('42022', 'admin', '125.97.241.22', '超级管理员', '/portalpay/portalpayOrderGoods/manager', '2017-10-13 17:46:47');
INSERT INTO `sys_operate_log` VALUES ('42023', 'admin', '125.97.241.22', '超级管理员', '/portalpay/portalpayOrderGoods/dataGrid', '2017-10-13 17:46:47');
INSERT INTO `sys_operate_log` VALUES ('42024', 'admin', '125.97.241.22', '超级管理员', '/portalpay/portalpayOrderRefundRecord/manager', '2017-10-13 17:46:48');
INSERT INTO `sys_operate_log` VALUES ('42025', 'admin', '125.97.241.22', '超级管理员', '/portalpay/portalpayOrderRefundRecord/dataGrid', '2017-10-13 17:46:48');
INSERT INTO `sys_operate_log` VALUES ('42026', 'admin', '125.97.241.22', '超级管理员', '/portalpay/portalpayOrderRefund/manager', '2017-10-13 17:46:48');
INSERT INTO `sys_operate_log` VALUES ('42027', 'admin', '125.97.241.22', '超级管理员', '/common/tradeLogistics/manager', '2017-10-13 17:46:51');
INSERT INTO `sys_operate_log` VALUES ('42028', 'admin', '125.97.241.22', '超级管理员', '/common/tradeLogistics/dataGrid', '2017-10-13 17:46:51');
INSERT INTO `sys_operate_log` VALUES ('42029', 'admin', '125.97.241.22', '超级管理员', '/alipay/tradeOrdersZfb/manager', '2017-10-13 17:47:27');
INSERT INTO `sys_operate_log` VALUES ('42030', 'admin', '125.97.241.22', '超级管理员', '/alipay/tradeOrdersZfb/dataGrid', '2017-10-13 17:47:27');
INSERT INTO `sys_operate_log` VALUES ('42031', 'admin', '125.97.241.22', '超级管理员', '/filemanager/fileDownload/manager', '2017-10-13 17:47:29');
INSERT INTO `sys_operate_log` VALUES ('42032', 'admin', '125.97.241.22', '超级管理员', '/filemanager/fileDownload/fileDownloadPie', '2017-10-13 17:47:29');
INSERT INTO `sys_operate_log` VALUES ('42033', 'admin', '125.97.241.22', '超级管理员', '/filemanager/fileDownload/dataGrid', '2017-10-13 17:47:29');
INSERT INTO `sys_operate_log` VALUES ('42034', 'admin', '125.97.241.22', '超级管理员', '/filemanager/fileUpload/manager', '2017-10-13 17:47:31');
INSERT INTO `sys_operate_log` VALUES ('42035', 'admin', '125.97.241.22', '超级管理员', '/filemanager/fileUpload/dataGrid', '2017-10-13 17:47:31');
INSERT INTO `sys_operate_log` VALUES ('42036', 'admin', '125.97.241.22', '超级管理员', '/filemanager/fileUpload/viewPage', '2017-10-13 17:47:33');
INSERT INTO `sys_operate_log` VALUES ('42037', 'admin', '125.97.241.22', '超级管理员', '/filemanager/fileUpload/viewPage', '2017-10-13 17:47:41');
INSERT INTO `sys_operate_log` VALUES ('42038', 'admin', '125.97.241.22', '超级管理员', '/common/tradeLogistics/manager', '2017-10-13 18:01:49');
INSERT INTO `sys_operate_log` VALUES ('42039', 'admin', '125.97.241.22', '超级管理员', '/common/tradeLogistics/dataGrid', '2017-10-13 18:01:49');
INSERT INTO `sys_operate_log` VALUES ('42040', 'admin', '125.97.241.22', '超级管理员', '/filemanager/fileUpload/manager', '2017-10-13 18:01:53');
INSERT INTO `sys_operate_log` VALUES ('42041', 'admin', '125.97.241.22', '超级管理员', '/filemanager/fileUpload/dataGrid', '2017-10-13 18:01:53');
INSERT INTO `sys_operate_log` VALUES ('42042', 'admin', '125.97.241.22', '超级管理员', '/filemanager/fileUpload/viewPage', '2017-10-13 18:01:55');
INSERT INTO `sys_operate_log` VALUES ('42043', 'admin', '125.97.241.22', '超级管理员', '/alipay/tradeOrdersZfb/manager', '2017-10-13 18:10:15');
INSERT INTO `sys_operate_log` VALUES ('42044', 'admin', '125.97.241.22', '超级管理员', '/alipay/tradeOrdersZfb/dataGrid', '2017-10-13 18:10:15');
INSERT INTO `sys_operate_log` VALUES ('42045', 'admin', '125.97.241.22', '超级管理员', '/alipay/tradeOrdersZfb/dataGrid', '2017-10-13 18:11:12');
INSERT INTO `sys_operate_log` VALUES ('42046', 'admin', '125.97.241.22', '超级管理员', '/alipay/tradeSeatorderZfb/manager', '2017-10-13 18:21:10');
INSERT INTO `sys_operate_log` VALUES ('42047', 'admin', '125.97.241.22', '超级管理员', '/alipay/tradeSeatorderZfb/dataGrid', '2017-10-13 18:21:10');
INSERT INTO `sys_operate_log` VALUES ('42048', 'admin', '125.97.241.22', '超级管理员', '/alipay/tradeSeatorderZfb/dataGrid', '2017-10-13 18:21:13');
INSERT INTO `sys_operate_log` VALUES ('42049', 'admin', '125.97.241.22', '超级管理员', '/alipay/tradeSeatorderZfb/dataGrid', '2017-10-13 18:21:19');
INSERT INTO `sys_operate_log` VALUES ('42050', 'admin', '125.97.241.22', '超级管理员', '/alipay/tradeCallbackSuccessZfb/manager', '2017-10-13 18:21:29');
INSERT INTO `sys_operate_log` VALUES ('42051', 'admin', '125.97.241.22', '超级管理员', '/alipay/tradeCallbackSuccessZfb/dataGrid', '2017-10-13 18:21:30');
INSERT INTO `sys_operate_log` VALUES ('42052', 'admin', '125.97.241.22', '超级管理员', '/alipay/tradeCallbackSuccessZfb/dataGrid', '2017-10-13 18:21:31');
INSERT INTO `sys_operate_log` VALUES ('42053', 'admin', '125.97.241.22', '超级管理员', '/alipay/refundRecordZfb/manager', '2017-10-13 18:21:50');
INSERT INTO `sys_operate_log` VALUES ('42054', 'admin', '125.97.241.22', '超级管理员', '/alipay/refundRecordZfb/dataGrid', '2017-10-13 18:21:50');
INSERT INTO `sys_operate_log` VALUES ('42055', 'admin', '125.97.241.22', '超级管理员', '/alipay/refundRecordZfb/refund', '2017-10-13 18:21:51');
INSERT INTO `sys_operate_log` VALUES ('42056', 'admin', '125.97.241.22', '超级管理员', '/alipay/refundRecordZfb/refundDo', '2017-10-13 18:22:13');
INSERT INTO `sys_operate_log` VALUES ('42057', 'admin', '125.97.241.22', '超级管理员', '/alipay/refundRecordZfb/dataGrid', '2017-10-13 18:22:13');
INSERT INTO `sys_operate_log` VALUES ('42058', 'admin', '125.97.241.22', '超级管理员', '/alipay/tradeSeatorderZfb/dataGrid', '2017-10-13 18:22:17');
INSERT INTO `sys_operate_log` VALUES ('42059', 'admin', '125.97.241.22', '超级管理员', '/portalpay/portalpayOrder/manager', '2017-10-13 18:22:23');
INSERT INTO `sys_operate_log` VALUES ('42060', 'admin', '125.97.241.22', '超级管理员', '/portalpay/portalpayOrder/dataGrid', '2017-10-13 18:22:23');
INSERT INTO `sys_operate_log` VALUES ('42061', 'admin', '125.97.241.22', '超级管理员', '/portalpay/portalpayOrderSeat/manager', '2017-10-13 18:22:28');
INSERT INTO `sys_operate_log` VALUES ('42062', 'admin', '125.97.241.22', '超级管理员', '/portalpay/portalpayOrderSeat/dataGrid', '2017-10-13 18:22:28');
INSERT INTO `sys_operate_log` VALUES ('42063', 'admin', '125.97.241.22', '超级管理员', '/boc/tradeOrdersSeatBoc/manager', '2017-10-13 18:22:30');
INSERT INTO `sys_operate_log` VALUES ('42064', 'admin', '125.97.241.22', '超级管理员', '/boc/tradeOrdersSeatBoc/dataGrid', '2017-10-13 18:22:30');
INSERT INTO `sys_operate_log` VALUES ('42065', 'admin', '125.97.241.22', '超级管理员', '/boc/tradeOrdersSeatBoc/payStatusQuery', '2017-10-13 18:22:39');
INSERT INTO `sys_operate_log` VALUES ('42066', 'admin', '125.97.241.22', '超级管理员', '/boc/tradeOrdersSeatBoc/dataGrid', '2017-10-13 18:22:39');
INSERT INTO `sys_operate_log` VALUES ('42067', 'admin', '125.97.241.22', '超级管理员', '/boc/tradeOrdersSeatBoc/payStatusQuery', '2017-10-13 18:22:43');
INSERT INTO `sys_operate_log` VALUES ('42068', 'admin', '125.97.241.22', '超级管理员', '/boc/tradeOrdersSeatBoc/dataGrid', '2017-10-13 18:22:43');
INSERT INTO `sys_operate_log` VALUES ('42069', 'admin', '125.97.241.22', '超级管理员', '/boc/tradeOrdersSeatBoc/payStatusQuery', '2017-10-13 18:22:44');
INSERT INTO `sys_operate_log` VALUES ('42070', 'admin', '125.97.241.22', '超级管理员', '/boc/tradeOrdersSeatBoc/dataGrid', '2017-10-13 18:22:44');
INSERT INTO `sys_operate_log` VALUES ('42071', 'admin', '125.97.241.22', '超级管理员', '/boc/tradeOrdersSeatBoc/payStatusQuery', '2017-10-13 18:22:47');
INSERT INTO `sys_operate_log` VALUES ('42072', 'admin', '125.97.241.22', '超级管理员', '/boc/tradeOrdersSeatBoc/dataGrid', '2017-10-13 18:22:47');
INSERT INTO `sys_operate_log` VALUES ('42073', 'admin', '125.97.241.22', '超级管理员', '/boc/txtUploadBoc/manager', '2017-10-13 18:22:50');
INSERT INTO `sys_operate_log` VALUES ('42074', 'admin', '125.97.241.22', '超级管理员', '/boc/txtUploadBoc/dataGrid', '2017-10-13 18:22:50');
INSERT INTO `sys_operate_log` VALUES ('42075', 'admin', '125.97.241.22', '超级管理员', '/boc/txtContentBoc/manager', '2017-10-13 18:22:51');
INSERT INTO `sys_operate_log` VALUES ('42076', 'admin', '125.97.241.22', '超级管理员', '/boc/txtContentBoc/dataGrid', '2017-10-13 18:22:51');
INSERT INTO `sys_operate_log` VALUES ('42077', 'admin', '125.97.241.22', '超级管理员', '/weixin/informationCart/manager', '2017-10-13 18:22:52');
INSERT INTO `sys_operate_log` VALUES ('42078', 'admin', '125.97.241.22', '超级管理员', '/weixin/informationCart/dataGrid', '2017-10-13 18:22:52');
INSERT INTO `sys_operate_log` VALUES ('42079', 'admin', '125.97.241.22', '超级管理员', '/boc/tradeOrdersSeatBoc/payStatusQuery', '2017-10-13 18:23:51');
INSERT INTO `sys_operate_log` VALUES ('42080', 'admin', '125.97.241.22', '超级管理员', '/weixin/informationCart/payStatusQuery', '2017-10-13 18:23:54');
INSERT INTO `sys_operate_log` VALUES ('42081', 'admin', '125.97.241.22', '超级管理员', '/weixin/informationCart/dataGrid', '2017-10-13 18:23:54');
INSERT INTO `sys_operate_log` VALUES ('42082', 'admin', '125.97.241.22', '超级管理员', '/weixin/informationCart/payStatusQuery', '2017-10-13 18:23:57');
INSERT INTO `sys_operate_log` VALUES ('42083', 'admin', '125.97.241.22', '超级管理员', '/weixin/informationCart/dataGrid', '2017-10-13 18:23:57');
INSERT INTO `sys_operate_log` VALUES ('42084', 'admin', '125.97.241.22', '超级管理员', '/weixin/callbackCart/manager', '2017-10-13 18:23:59');
INSERT INTO `sys_operate_log` VALUES ('42085', 'admin', '125.97.241.22', '超级管理员', '/weixin/callbackCart/dataGrid', '2017-10-13 18:23:59');
INSERT INTO `sys_operate_log` VALUES ('42086', 'admin', '125.97.241.22', '超级管理员', '/weixin/callbackCart/dataGrid', '2017-10-13 18:24:01');
INSERT INTO `sys_operate_log` VALUES ('42087', 'admin', '125.97.241.22', '超级管理员', '/portalpay/tradeOrders/manager', '2017-10-13 18:24:04');
INSERT INTO `sys_operate_log` VALUES ('42088', 'admin', '125.97.241.22', '超级管理员', '/portalpay/tradeOrders/dataGrid', '2017-10-13 18:24:04');
INSERT INTO `sys_operate_log` VALUES ('42089', 'admin', '125.97.241.22', '超级管理员', '/kaola/goodsInfo/manager', '2017-10-13 18:24:14');
INSERT INTO `sys_operate_log` VALUES ('42090', 'admin', '125.97.241.22', '超级管理员', '/kaola/goodsInfo/dataGrid', '2017-10-13 18:24:14');
INSERT INTO `sys_operate_log` VALUES ('42091', 'admin', '125.97.241.22', '超级管理员', '/kaola/goodsInfo/flush', '2017-10-13 18:25:12');
INSERT INTO `sys_operate_log` VALUES ('42092', 'admin', '125.97.241.22', '超级管理员', '/kaola/goodsInfo/dataGrid', '2017-10-13 18:25:12');
INSERT INTO `sys_operate_log` VALUES ('42093', 'admin', '125.97.241.22', '超级管理员', '/kaola/goodsInfo/export', '2017-10-13 18:25:20');
INSERT INTO `sys_operate_log` VALUES ('42094', 'admin', '125.97.241.22', '超级管理员', '/jinxiutong/goodsInfo/manager', '2017-10-13 18:25:20');
INSERT INTO `sys_operate_log` VALUES ('42095', 'admin', '125.97.241.22', '超级管理员', '/jinxiutong/goodsInfo/dataGrid', '2017-10-13 18:25:20');
INSERT INTO `sys_operate_log` VALUES ('42096', 'admin', '125.97.241.22', '超级管理员', '/jinxiutong/goodsInfo/flush', '2017-10-13 18:25:31');
INSERT INTO `sys_operate_log` VALUES ('42097', 'admin', '125.97.241.22', '超级管理员', '/jinxiutong/goodsInfo/dataGrid', '2017-10-13 18:25:31');
INSERT INTO `sys_operate_log` VALUES ('42098', 'admin', '14.130.7.5', '超级管理员', '/boc/tradeOrdersSeatBoc/manager', '2017-10-14 09:21:40');
INSERT INTO `sys_operate_log` VALUES ('42099', 'admin', '14.130.7.5', '超级管理员', '/boc/tradeOrdersSeatBoc/dataGrid', '2017-10-14 09:21:42');
INSERT INTO `sys_operate_log` VALUES ('42100', 'admin', '14.130.7.5', '超级管理员', '/boc/txtContentBoc/manager', '2017-10-14 09:22:12');
INSERT INTO `sys_operate_log` VALUES ('42101', 'admin', '14.130.7.5', '超级管理员', '/boc/txtContentBoc/dataGrid', '2017-10-14 09:22:13');
INSERT INTO `sys_operate_log` VALUES ('42102', 'admin', '14.130.7.5', '超级管理员', '/boc/tradeFeedback/manager', '2017-10-14 09:22:16');
INSERT INTO `sys_operate_log` VALUES ('42103', 'admin', '14.130.7.5', '超级管理员', '/boc/tradeFeedback/dataGrid', '2017-10-14 09:22:17');
INSERT INTO `sys_operate_log` VALUES ('42104', 'admin', '14.130.7.5', '超级管理员', '/weixin/informationCart/manager', '2017-10-14 09:23:31');
INSERT INTO `sys_operate_log` VALUES ('42105', 'admin', '14.130.7.5', '超级管理员', '/weixin/informationCart/dataGrid', '2017-10-14 09:23:32');
INSERT INTO `sys_operate_log` VALUES ('42106', 'admin', '14.130.7.5', '超级管理员', '/portalpay/tradeOrders/manager', '2017-10-14 09:23:48');
INSERT INTO `sys_operate_log` VALUES ('42107', 'admin', '14.130.7.5', '超级管理员', '/portalpay/tradeOrders/dataGrid', '2017-10-14 09:23:49');
INSERT INTO `sys_operate_log` VALUES ('42108', 'admin', '14.130.7.5', '超级管理员', '/portalpay/portalpayOrder/manager', '2017-10-14 09:24:06');
INSERT INTO `sys_operate_log` VALUES ('42109', 'admin', '14.130.7.5', '超级管理员', '/portalpay/portalpayOrder/dataGrid', '2017-10-14 09:24:07');
INSERT INTO `sys_operate_log` VALUES ('42110', 'admin', '14.130.7.5', '超级管理员', '/portalpay/portalpayOrder/manager', '2017-10-14 09:28:34');
INSERT INTO `sys_operate_log` VALUES ('42111', 'admin', '14.130.7.5', '超级管理员', '/portalpay/portalpayOrder/dataGrid', '2017-10-14 09:28:35');
INSERT INTO `sys_operate_log` VALUES ('42112', 'admin', '14.130.7.5', '超级管理员', '/portalpay/portalpayOrderGoods/manager', '2017-10-14 09:28:44');
INSERT INTO `sys_operate_log` VALUES ('42113', 'admin', '14.130.7.5', '超级管理员', '/portalpay/portalpayOrderGoods/dataGrid', '2017-10-14 09:28:44');
INSERT INTO `sys_operate_log` VALUES ('42114', 'admin', '14.130.7.5', '超级管理员', '/boc/tradeOrdersCartBoc/manager', '2017-10-14 09:28:46');
INSERT INTO `sys_operate_log` VALUES ('42115', 'admin', '14.130.7.5', '超级管理员', '/boc/tradeOrdersCartBoc/dataGrid', '2017-10-14 09:28:47');
INSERT INTO `sys_operate_log` VALUES ('42116', 'admin', '14.130.7.5', '超级管理员', '/boc/txtUploadBoc/manager', '2017-10-14 09:28:52');
INSERT INTO `sys_operate_log` VALUES ('42117', 'admin', '14.130.7.5', '超级管理员', '/boc/txtUploadBoc/dataGrid', '2017-10-14 09:28:53');
INSERT INTO `sys_operate_log` VALUES ('42118', 'admin', '14.130.7.5', '超级管理员', '/boc/tradeFeedback/manager', '2017-10-14 09:28:59');
INSERT INTO `sys_operate_log` VALUES ('42119', 'admin', '14.130.7.5', '超级管理员', '/boc/tradeFeedback/dataGrid', '2017-10-14 09:29:00');
INSERT INTO `sys_operate_log` VALUES ('42120', 'admin', '14.130.7.5', '超级管理员', '/boc/tradeOrdersSeatBoc/manager', '2017-10-14 09:29:40');
INSERT INTO `sys_operate_log` VALUES ('42121', 'admin', '14.130.7.5', '超级管理员', '/boc/tradeOrdersSeatBoc/dataGrid', '2017-10-14 09:29:41');
INSERT INTO `sys_operate_log` VALUES ('42122', 'admin', '14.130.7.5', '超级管理员', '/boc/txtContentBoc/manager', '2017-10-14 09:29:48');
INSERT INTO `sys_operate_log` VALUES ('42123', 'admin', '14.130.7.5', '超级管理员', '/boc/txtContentBoc/dataGrid', '2017-10-14 09:29:49');
INSERT INTO `sys_operate_log` VALUES ('42124', 'admin', '14.130.7.5', '超级管理员', '/boc/tradeOrdersSeatBoc/manager', '2017-10-14 09:41:43');
INSERT INTO `sys_operate_log` VALUES ('42125', 'admin', '14.130.7.5', '超级管理员', '/boc/tradeOrdersSeatBoc/dataGrid', '2017-10-14 09:41:44');
INSERT INTO `sys_operate_log` VALUES ('42126', 'admin', '14.130.7.5', '超级管理员', '/boc/tradeFeedback/manager', '2017-10-14 09:41:52');
INSERT INTO `sys_operate_log` VALUES ('42127', 'admin', '14.130.7.5', '超级管理员', '/boc/tradeFeedback/dataGrid', '2017-10-14 09:41:52');
INSERT INTO `sys_operate_log` VALUES ('42128', 'admin', '14.130.7.5', '超级管理员', '/boc/tradeOrdersSeatBoc/dataGrid', '2017-10-14 09:44:23');
INSERT INTO `sys_operate_log` VALUES ('42129', 'admin', '14.130.7.5', '超级管理员', '/portalpay/portalpayOrderSeat/manager', '2017-10-14 10:21:40');
INSERT INTO `sys_operate_log` VALUES ('42130', 'admin', '14.130.7.5', '超级管理员', '/portalpay/portalpayOrderSeat/dataGrid', '2017-10-14 10:21:40');
INSERT INTO `sys_operate_log` VALUES ('42131', 'admin', '14.130.7.5', '超级管理员', '/boc/tradeOrdersSeatBoc/manager', '2017-10-14 10:21:44');
INSERT INTO `sys_operate_log` VALUES ('42132', 'admin', '14.130.7.5', '超级管理员', '/boc/tradeOrdersSeatBoc/dataGrid', '2017-10-14 10:21:44');
INSERT INTO `sys_operate_log` VALUES ('42133', 'admin', '14.130.7.5', '超级管理员', '/boc/tradeOrdersSeatBoc/manager', '2017-10-14 14:42:56');
INSERT INTO `sys_operate_log` VALUES ('42134', 'admin', '14.130.7.5', '超级管理员', '/boc/tradeOrdersSeatBoc/dataGrid', '2017-10-14 14:42:56');
INSERT INTO `sys_operate_log` VALUES ('42135', 'admin', '14.130.7.5', '超级管理员', '/weixin/informationCart/manager', '2017-10-14 14:43:12');
INSERT INTO `sys_operate_log` VALUES ('42136', 'admin', '14.130.7.5', '超级管理员', '/weixin/informationCart/dataGrid', '2017-10-14 14:43:12');
INSERT INTO `sys_operate_log` VALUES ('42137', 'admin', '14.130.7.5', '超级管理员', '/weixin/callbackCart/manager', '2017-10-14 14:43:18');
INSERT INTO `sys_operate_log` VALUES ('42138', 'admin', '14.130.7.5', '超级管理员', '/weixin/callbackCart/dataGrid', '2017-10-14 14:43:18');
INSERT INTO `sys_operate_log` VALUES ('42139', 'admin', '14.130.7.5', '超级管理员', '/weixin/informationCart/payStatusQuery', '2017-10-14 14:43:29');
INSERT INTO `sys_operate_log` VALUES ('42140', 'admin', '14.130.7.5', '超级管理员', '/weixin/informationCart/dataGrid', '2017-10-14 14:43:29');
INSERT INTO `sys_operate_log` VALUES ('42141', 'admin', '14.130.7.5', '超级管理员', '/weixin/refund/manager', '2017-10-14 14:43:34');
INSERT INTO `sys_operate_log` VALUES ('42142', 'admin', '14.130.7.5', '超级管理员', '/weixin/refund/dataGrid', '2017-10-14 14:43:34');
INSERT INTO `sys_operate_log` VALUES ('42143', 'admin', '14.130.7.5', '超级管理员', '/portalpay/tradeOrders/manager', '2017-10-14 14:43:37');
INSERT INTO `sys_operate_log` VALUES ('42144', 'admin', '14.130.7.5', '超级管理员', '/portalpay/tradeOrders/dataGrid', '2017-10-14 14:43:37');
INSERT INTO `sys_operate_log` VALUES ('42145', 'admin', '14.130.7.5', '超级管理员', '/portalpay/tradeOrdersSup/manager', '2017-10-14 14:43:40');
INSERT INTO `sys_operate_log` VALUES ('42146', 'admin', '14.130.7.5', '超级管理员', '/portalpay/tradeOrdersSup/dataGrid', '2017-10-14 14:43:40');
INSERT INTO `sys_operate_log` VALUES ('42147', 'admin', '14.130.7.5', '超级管理员', '/portalpay/tradeOrdersSdy/manager', '2017-10-14 14:43:41');
INSERT INTO `sys_operate_log` VALUES ('42148', 'admin', '14.130.7.5', '超级管理员', '/portalpay/tradeOrdersSdy/dataGrid', '2017-10-14 14:43:41');
INSERT INTO `sys_operate_log` VALUES ('42149', 'admin', '14.130.7.5', '超级管理员', '/portalpay/tradeGoods/manager', '2017-10-14 14:43:43');
INSERT INTO `sys_operate_log` VALUES ('42150', 'admin', '14.130.7.5', '超级管理员', '/portalpay/tradeGoods/dataGrid', '2017-10-14 14:43:43');
INSERT INTO `sys_operate_log` VALUES ('42151', 'admin', '14.130.7.5', '超级管理员', '/portalpay/orderNotify/manager', '2017-10-14 14:43:44');
INSERT INTO `sys_operate_log` VALUES ('42152', 'admin', '14.130.7.5', '超级管理员', '/portalpay/orderNotify/dataGrid', '2017-10-14 14:43:45');
INSERT INTO `sys_operate_log` VALUES ('42153', 'admin', '14.130.7.5', '超级管理员', '/portalpay/supplierNotify/manager', '2017-10-14 14:43:47');
INSERT INTO `sys_operate_log` VALUES ('42154', 'admin', '14.130.7.5', '超级管理员', '/portalpay/supplierNotify/dataGrid', '2017-10-14 14:43:47');
INSERT INTO `sys_operate_log` VALUES ('42155', 'liyun', '124.126.88.110', '李云', '/weixin/callbackCart/manager', '2017-10-14 16:14:13');
INSERT INTO `sys_operate_log` VALUES ('42156', 'liyun', '124.126.88.110', '李云', '/weixin/callbackCart/dataGrid', '2017-10-14 16:14:13');
INSERT INTO `sys_operate_log` VALUES ('42157', 'liyun', '124.126.88.110', '李云', '/portalpay/tradeOrders/viewGoodsPage', '2017-10-14 16:14:27');
INSERT INTO `sys_operate_log` VALUES ('42158', 'liyun', '124.126.88.110', '李云', '/portalpay/tradeOrders/viewGoodsPage', '2017-10-14 16:14:33');
INSERT INTO `sys_operate_log` VALUES ('42159', 'liyun', '124.126.88.110', '李云', '/portalpay/tradeOrders/viewGoodsPage', '2017-10-14 16:14:51');
INSERT INTO `sys_operate_log` VALUES ('42160', 'liyun', '124.126.88.110', '李云', '/portalpay/tradeOrders/viewGoodsPage', '2017-10-14 16:14:56');
INSERT INTO `sys_operate_log` VALUES ('42161', 'liyun', '124.126.88.110', '李云', '/common/message/manager', '2017-10-14 16:25:30');
INSERT INTO `sys_operate_log` VALUES ('42162', 'liyun', '124.126.88.110', '李云', '/common/message/dataGrid', '2017-10-14 16:25:30');
INSERT INTO `sys_operate_log` VALUES ('42163', 'liyun', '124.126.88.110', '李云', '/common/message/sendMessPage', '2017-10-14 16:25:31');
INSERT INTO `sys_operate_log` VALUES ('42164', 'liyun', '124.126.88.110', '李云', '/common/message/manager', '2017-10-14 16:25:53');
INSERT INTO `sys_operate_log` VALUES ('42165', 'liyun', '124.126.88.110', '李云', '/common/message/dataGrid', '2017-10-14 16:25:53');
INSERT INTO `sys_operate_log` VALUES ('42166', 'liyun', '124.126.88.110', '李云', '/common/message/sendMess', '2017-10-14 16:26:55');
INSERT INTO `sys_operate_log` VALUES ('42167', 'liyun', '124.126.88.110', '李云', '/common/message/dataGrid', '2017-10-14 16:26:55');
INSERT INTO `sys_operate_log` VALUES ('42168', 'liyun', '124.126.88.110', '李云', '/weixin/callbackCart/manager', '2017-10-15 22:18:10');
INSERT INTO `sys_operate_log` VALUES ('42169', 'liyun', '124.126.88.110', '李云', '/weixin/callbackCart/dataGrid', '2017-10-15 22:18:10');
INSERT INTO `sys_operate_log` VALUES ('42170', 'liyun', '124.126.88.110', '李云', '/portalpay/tradeOrders/viewGoodsPage', '2017-10-15 22:18:15');
INSERT INTO `sys_operate_log` VALUES ('42171', 'liyun', '124.126.88.110', '李云', '/portalpay/tradeOrders/viewGoodsPage', '2017-10-15 22:18:18');
INSERT INTO `sys_operate_log` VALUES ('42172', 'liyun', '124.126.88.110', '李云', '/portalpay/tradeOrders/viewGoodsPage', '2017-10-15 22:18:20');
INSERT INTO `sys_operate_log` VALUES ('42173', 'liyun', '124.126.88.110', '李云', '/portalpay/portalpayOrder/manager', '2017-10-15 22:20:00');
INSERT INTO `sys_operate_log` VALUES ('42174', 'liyun', '124.126.88.110', '李云', '/portalpay/portalpayOrder/dataGrid', '2017-10-15 22:20:00');
INSERT INTO `sys_operate_log` VALUES ('42175', 'liyun', '124.126.88.110', '李云', '/alipay/tradeOrdersZfb/manager', '2017-10-15 22:20:06');
INSERT INTO `sys_operate_log` VALUES ('42176', 'liyun', '124.126.88.110', '李云', '/alipay/tradeOrdersZfb/dataGrid', '2017-10-15 22:20:07');
INSERT INTO `sys_operate_log` VALUES ('42177', 'liyun', '125.97.241.22', '李云', '/weixin/callbackCart/manager', '2017-10-16 09:10:21');
INSERT INTO `sys_operate_log` VALUES ('42178', 'liyun', '125.97.241.22', '李云', '/weixin/callbackCart/dataGrid', '2017-10-16 09:10:21');
INSERT INTO `sys_operate_log` VALUES ('42179', 'liyun', '125.97.241.22', '李云', '/portalpay/tradeOrders/viewGoodsPage', '2017-10-16 09:10:26');
INSERT INTO `sys_operate_log` VALUES ('42180', 'liyun', '125.97.241.22', '李云', '/portalpay/tradeOrders/viewGoodsPage', '2017-10-16 09:10:29');
INSERT INTO `sys_operate_log` VALUES ('42181', 'liyun', '125.97.241.22', '李云', '/portalpay/tradeOrders/viewGoodsPage', '2017-10-16 09:10:32');
INSERT INTO `sys_operate_log` VALUES ('42182', 'liyun', '125.97.241.22', '李云', '/portalpay/tradeOrders/viewGoodsPage', '2017-10-16 09:10:35');
INSERT INTO `sys_operate_log` VALUES ('42183', 'liyun', '125.97.241.22', '李云', '/weixin/callbackCart/manager', '2017-10-16 09:51:34');
INSERT INTO `sys_operate_log` VALUES ('42184', 'liyun', '125.97.241.22', '李云', '/weixin/callbackCart/dataGrid', '2017-10-16 09:51:35');
INSERT INTO `sys_operate_log` VALUES ('42185', 'liyun', '125.97.241.22', '李云', '/common/message/manager', '2017-10-16 09:51:49');
INSERT INTO `sys_operate_log` VALUES ('42186', 'liyun', '125.97.241.22', '李云', '/common/message/dataGrid', '2017-10-16 09:51:49');
INSERT INTO `sys_operate_log` VALUES ('42187', 'liyun', '125.97.241.22', '李云', '/common/message/sendMessPage', '2017-10-16 09:51:59');
INSERT INTO `sys_operate_log` VALUES ('42188', 'liyun', '125.97.241.22', '李云', '/common/message/sendMess', '2017-10-16 09:54:04');
INSERT INTO `sys_operate_log` VALUES ('42189', 'liyun', '125.97.241.22', '李云', '/common/message/dataGrid', '2017-10-16 09:54:04');
INSERT INTO `sys_operate_log` VALUES ('42190', 'liyun', '125.97.241.22', '李云', '/common/message/sendMessPage', '2017-10-16 09:54:33');
INSERT INTO `sys_operate_log` VALUES ('42191', 'liyun', '125.97.241.22', '李云', '/common/message/sendMess', '2017-10-16 09:55:26');
INSERT INTO `sys_operate_log` VALUES ('42192', 'liyun', '125.97.241.22', '李云', '/common/message/dataGrid', '2017-10-16 09:55:26');
INSERT INTO `sys_operate_log` VALUES ('42193', 'lsw', '121.69.129.58', '林丝雯', '/boc/tradeOrdersSeatBoc/manager', '2017-10-16 10:05:31');
INSERT INTO `sys_operate_log` VALUES ('42194', 'lsw', '121.69.129.58', '林丝雯', '/boc/tradeOrdersSeatBoc/dataGrid', '2017-10-16 10:05:32');
INSERT INTO `sys_operate_log` VALUES ('42195', 'lsw', '121.69.129.58', '林丝雯', '/boc/tradeOrdersSeatBoc/matchSeatOrder', '2017-10-16 10:07:07');
INSERT INTO `sys_operate_log` VALUES ('42196', 'liyun', '125.97.241.22', '李云', '/common/recharge/manager', '2017-10-16 10:18:04');
INSERT INTO `sys_operate_log` VALUES ('42197', 'liyun', '125.97.241.22', '李云', '/common/recharge/dataGrid', '2017-10-16 10:18:04');
INSERT INTO `sys_operate_log` VALUES ('42198', 'liyun', '125.97.241.22', '李云', '/common/recharge/state', '2017-10-16 10:18:12');
INSERT INTO `sys_operate_log` VALUES ('42199', 'liyun', '125.97.241.22', '李云', '/common/recharge/dataGrid', '2017-10-16 10:18:12');
INSERT INTO `sys_operate_log` VALUES ('42200', 'liyun', '125.97.241.22', '李云', '/common/recharge/state', '2017-10-16 10:20:25');
INSERT INTO `sys_operate_log` VALUES ('42201', 'liyun', '125.97.241.22', '李云', '/common/recharge/dataGrid', '2017-10-16 10:20:25');
INSERT INTO `sys_operate_log` VALUES ('42202', 'lsw', '121.69.129.58', '林丝雯', '/boc/tradeOrdersSeatBoc/export', '2017-10-16 10:25:05');
INSERT INTO `sys_operate_log` VALUES ('42203', 'admin', '125.97.241.22', '超级管理员', '/weixin/callbackCart/manager', '2017-10-16 10:25:17');
INSERT INTO `sys_operate_log` VALUES ('42204', 'admin', '125.97.241.22', '超级管理员', '/weixin/callbackCart/dataGrid', '2017-10-16 10:25:17');
INSERT INTO `sys_operate_log` VALUES ('42205', 'admin', '125.97.241.22', '超级管理员', '/weixin/informationCart/manager', '2017-10-16 10:25:27');
INSERT INTO `sys_operate_log` VALUES ('42206', 'admin', '125.97.241.22', '超级管理员', '/weixin/informationCart/dataGrid', '2017-10-16 10:25:27');
INSERT INTO `sys_operate_log` VALUES ('42207', 'lsw', '121.69.129.58', '林丝雯', '/boc/tradeOrdersSeatBoc/matchSeatOrder', '2017-10-16 10:26:04');
INSERT INTO `sys_operate_log` VALUES ('42208', 'lsw', '121.69.129.58', '林丝雯', '/boc/tradeOrdersSeatBoc/export', '2017-10-16 10:26:06');
INSERT INTO `sys_operate_log` VALUES ('42209', 'lsw', '121.69.129.58', '林丝雯', '/boc/tradeOrdersSeatBoc/export', '2017-10-16 10:26:28');
INSERT INTO `sys_operate_log` VALUES ('42210', 'liyun', '125.97.241.22', '李云', '/common/recharge/manager', '2017-10-16 10:28:33');
INSERT INTO `sys_operate_log` VALUES ('42211', 'liyun', '125.97.241.22', '李云', '/common/recharge/dataGrid', '2017-10-16 10:28:34');
INSERT INTO `sys_operate_log` VALUES ('42212', 'admin', '125.97.241.22', '超级管理员', '/weixin/informationCart/payStatusQuery', '2017-10-16 10:32:01');
INSERT INTO `sys_operate_log` VALUES ('42213', 'admin', '125.97.241.22', '超级管理员', '/weixin/informationCart/dataGrid', '2017-10-16 10:32:01');
INSERT INTO `sys_operate_log` VALUES ('42214', 'lsw', '121.69.129.58', '林丝雯', '/boc/tradeOrdersSeatBoc/manager', '2017-10-16 14:05:05');
INSERT INTO `sys_operate_log` VALUES ('42215', 'lsw', '121.69.129.58', '林丝雯', '/boc/tradeOrdersSeatBoc/dataGrid', '2017-10-16 14:05:06');
INSERT INTO `sys_operate_log` VALUES ('42216', 'lsw', '121.69.129.58', '林丝雯', '/boc/tradeOrdersCartBoc/manager', '2017-10-16 14:05:07');
INSERT INTO `sys_operate_log` VALUES ('42217', 'lsw', '121.69.129.58', '林丝雯', '/boc/tradeOrdersCartBoc/dataGrid', '2017-10-16 14:05:07');
INSERT INTO `sys_operate_log` VALUES ('42218', 'lsw', '121.69.129.58', '林丝雯', '/boc/tradeOrdersSeatBoc/dataGrid', '2017-10-16 14:05:29');
INSERT INTO `sys_operate_log` VALUES ('42219', 'lsw', '121.69.129.58', '林丝雯', '/boc/txtContentBoc/manager', '2017-10-16 14:05:35');
INSERT INTO `sys_operate_log` VALUES ('42220', 'lsw', '121.69.129.58', '林丝雯', '/boc/txtContentBoc/dataGrid', '2017-10-16 14:05:35');
INSERT INTO `sys_operate_log` VALUES ('42221', 'lsw', '121.69.129.58', '林丝雯', '/boc/txtContentBoc/dataGrid', '2017-10-16 14:05:41');
INSERT INTO `sys_operate_log` VALUES ('42222', 'lsw', '121.69.129.58', '林丝雯', '/boc/tradeOrdersSeatBoc/matchSeatOrder', '2017-10-16 14:14:53');
INSERT INTO `sys_operate_log` VALUES ('42223', 'lsw', '121.69.129.58', '林丝雯', '/boc/tradeOrdersSeatBoc/matchSeatOrder', '2017-10-16 14:14:55');
INSERT INTO `sys_operate_log` VALUES ('42224', 'lsw', '121.69.129.58', '林丝雯', '/boc/tradeOrdersSeatBoc/getPayinfo', '2017-10-16 14:15:04');
INSERT INTO `sys_operate_log` VALUES ('42225', 'lsw', '121.69.129.58', '林丝雯', '/boc/tradeOrdersSeatBoc/export', '2017-10-16 14:15:10');
INSERT INTO `sys_operate_log` VALUES ('42226', 'lsw', '121.69.129.58', '林丝雯', '/boc/tradeOrdersSeatBoc/export', '2017-10-16 14:15:12');
INSERT INTO `sys_operate_log` VALUES ('42227', 'liyun', '125.97.241.22', '李云', '/weixin/refund/manager', '2017-10-16 14:16:41');
INSERT INTO `sys_operate_log` VALUES ('42228', 'liyun', '125.97.241.22', '李云', '/weixin/refund/dataGrid', '2017-10-16 14:16:41');
INSERT INTO `sys_operate_log` VALUES ('42229', 'liyun', '125.97.241.22', '李云', '/weixin/callbackCart/manager', '2017-10-16 14:16:42');
INSERT INTO `sys_operate_log` VALUES ('42230', 'liyun', '125.97.241.22', '李云', '/weixin/callbackCart/dataGrid', '2017-10-16 14:16:42');
INSERT INTO `sys_operate_log` VALUES ('42231', 'liyun', '125.97.241.22', '李云', '/common/message/manager', '2017-10-16 14:18:04');
INSERT INTO `sys_operate_log` VALUES ('42232', 'liyun', '125.97.241.22', '李云', '/common/message/dataGrid', '2017-10-16 14:18:04');
INSERT INTO `sys_operate_log` VALUES ('42233', 'liyun', '125.97.241.22', '李云', '/common/message/sendMessPage', '2017-10-16 14:18:12');
INSERT INTO `sys_operate_log` VALUES ('42234', 'liyun', '125.97.241.22', '李云', '/common/message/sendMess', '2017-10-16 14:24:17');
INSERT INTO `sys_operate_log` VALUES ('42235', 'liyun', '125.97.241.22', '李云', '/common/message/dataGrid', '2017-10-16 14:24:17');
INSERT INTO `sys_operate_log` VALUES ('42236', 'admin', '125.97.241.22', '超级管理员', '/boc/tradeOrdersSeatBoc/manager', '2017-10-16 15:19:02');
INSERT INTO `sys_operate_log` VALUES ('42237', 'admin', '125.97.241.22', '超级管理员', '/boc/tradeOrdersSeatBoc/dataGrid', '2017-10-16 15:19:05');
INSERT INTO `sys_operate_log` VALUES ('42238', 'liyun', '125.97.241.22', '李云', '/weixin/callbackCart/manager', '2017-10-16 15:56:59');
INSERT INTO `sys_operate_log` VALUES ('42239', 'liyun', '125.97.241.22', '李云', '/weixin/callbackCart/dataGrid', '2017-10-16 15:56:59');
INSERT INTO `sys_operate_log` VALUES ('42240', 'liyun', '125.97.241.22', '李云', '/portalpay/tradeOrders/viewGoodsPage', '2017-10-16 16:10:24');
INSERT INTO `sys_operate_log` VALUES ('42241', 'liyun', '125.97.241.22', '李云', '/common/message/manager', '2017-10-16 16:34:32');
INSERT INTO `sys_operate_log` VALUES ('42242', 'liyun', '125.97.241.22', '李云', '/common/message/dataGrid', '2017-10-16 16:34:32');
INSERT INTO `sys_operate_log` VALUES ('42243', 'liyun', '125.97.241.22', '李云', '/common/message/sendMessPage', '2017-10-16 16:34:35');
INSERT INTO `sys_operate_log` VALUES ('42244', 'liyun', '125.97.241.22', '李云', '/common/message/sendMess', '2017-10-16 16:36:30');
INSERT INTO `sys_operate_log` VALUES ('42245', 'liyun', '125.97.241.22', '李云', '/common/message/dataGrid', '2017-10-16 16:36:30');
INSERT INTO `sys_operate_log` VALUES ('42246', 'admin', '125.97.241.22', '超级管理员', '/alipay/refundRecordZfb/manager', '2017-10-17 08:21:31');
INSERT INTO `sys_operate_log` VALUES ('42247', 'admin', '125.97.241.22', '超级管理员', '/alipay/refundRecordZfb/dataGrid', '2017-10-17 08:21:32');
INSERT INTO `sys_operate_log` VALUES ('42248', 'admin', '125.97.241.22', '超级管理员', '/alipay/tradeOrdersZfb/manager', '2017-10-17 08:21:37');
INSERT INTO `sys_operate_log` VALUES ('42249', 'admin', '125.97.241.22', '超级管理员', '/alipay/tradeOrdersZfb/dataGrid', '2017-10-17 08:21:37');
INSERT INTO `sys_operate_log` VALUES ('42250', 'admin', '125.97.241.22', '超级管理员', '/portalpay/portalpayOrder/manager', '2017-10-17 08:21:40');
INSERT INTO `sys_operate_log` VALUES ('42251', 'admin', '125.97.241.22', '超级管理员', '/portalpay/portalpayOrder/dataGrid', '2017-10-17 08:21:40');
INSERT INTO `sys_operate_log` VALUES ('42252', 'admin', '125.97.241.22', '超级管理员', '/boc/tradeOrdersCartBoc/manager', '2017-10-17 08:21:46');
INSERT INTO `sys_operate_log` VALUES ('42253', 'admin', '125.97.241.22', '超级管理员', '/boc/tradeOrdersCartBoc/dataGrid', '2017-10-17 08:21:46');
INSERT INTO `sys_operate_log` VALUES ('42254', 'admin', '125.97.241.22', '超级管理员', '/boc/tradeOrdersSeatBoc/manager', '2017-10-17 08:21:48');
INSERT INTO `sys_operate_log` VALUES ('42255', 'admin', '125.97.241.22', '超级管理员', '/boc/tradeOrdersSeatBoc/dataGrid', '2017-10-17 08:21:48');
INSERT INTO `sys_operate_log` VALUES ('42256', 'admin', '125.97.241.22', '超级管理员', '/weixin/callbackCart/manager', '2017-10-17 08:21:52');
INSERT INTO `sys_operate_log` VALUES ('42257', 'admin', '125.97.241.22', '超级管理员', '/weixin/callbackCart/dataGrid', '2017-10-17 08:21:52');
INSERT INTO `sys_operate_log` VALUES ('42258', 'admin', '125.97.241.22', '超级管理员', '/portalpay/tradeOrders/manager', '2017-10-17 08:21:58');
INSERT INTO `sys_operate_log` VALUES ('42259', 'admin', '125.97.241.22', '超级管理员', '/portalpay/tradeOrders/dataGrid', '2017-10-17 08:21:58');
INSERT INTO `sys_operate_log` VALUES ('42260', 'admin', '125.97.241.22', '超级管理员', '/portalpay/tradeOrders/dataGrid', '2017-10-17 08:22:03');
INSERT INTO `sys_operate_log` VALUES ('42261', 'admin', '125.97.241.22', '超级管理员', '/portalpay/tradeOrdersSup/manager', '2017-10-17 08:22:06');
INSERT INTO `sys_operate_log` VALUES ('42262', 'admin', '125.97.241.22', '超级管理员', '/portalpay/tradeOrdersSup/dataGrid', '2017-10-17 08:22:06');
INSERT INTO `sys_operate_log` VALUES ('42263', 'admin', '125.97.241.22', '超级管理员', '/common/recharge/manager', '2017-10-17 08:22:12');
INSERT INTO `sys_operate_log` VALUES ('42264', 'admin', '125.97.241.22', '超级管理员', '/common/recharge/dataGrid', '2017-10-17 08:22:12');
INSERT INTO `sys_operate_log` VALUES ('42265', 'admin', '125.97.241.22', '超级管理员', '/weixin/callbackCart/manager', '2017-10-17 09:05:16');
INSERT INTO `sys_operate_log` VALUES ('42266', 'admin', '125.97.241.22', '超级管理员', '/weixin/callbackCart/dataGrid', '2017-10-17 09:05:17');
INSERT INTO `sys_operate_log` VALUES ('42267', 'admin', '125.97.241.22', '超级管理员', '/weixin/common/getOrdreNumber', '2017-10-17 09:05:21');
INSERT INTO `sys_operate_log` VALUES ('42268', 'admin', '125.97.241.22', '超级管理员', '/weixin/common/getOrdreNumber', '2017-10-17 09:05:23');
INSERT INTO `sys_operate_log` VALUES ('42269', 'admin', '125.97.241.22', '超级管理员', '/weixin/common/getOrdreNumber', '2017-10-17 09:05:25');
INSERT INTO `sys_operate_log` VALUES ('42270', 'admin', '125.97.241.22', '超级管理员', '/weixin/common/getOrdreNumber', '2017-10-17 09:05:27');
INSERT INTO `sys_operate_log` VALUES ('42271', 'admin', '125.97.241.22', '超级管理员', '/portalpay/tradeOrders/manager', '2017-10-17 09:05:46');
INSERT INTO `sys_operate_log` VALUES ('42272', 'admin', '125.97.241.22', '超级管理员', '/portalpay/tradeOrders/dataGrid', '2017-10-17 09:05:47');
INSERT INTO `sys_operate_log` VALUES ('42273', 'admin', '125.97.241.22', '超级管理员', '/portalpay/tradeOrders/dataGrid', '2017-10-17 09:06:05');
INSERT INTO `sys_operate_log` VALUES ('42274', 'admin', '125.97.241.22', '超级管理员', '/weixin/callbackCart/dataGrid', '2017-10-17 09:06:30');
INSERT INTO `sys_operate_log` VALUES ('42275', 'admin', '125.97.241.22', '超级管理员', '/weixin/common/getOrdreNumber', '2017-10-17 09:06:32');
INSERT INTO `sys_operate_log` VALUES ('42276', 'admin', '125.97.241.22', '超级管理员', '/portalpay/tradeOrders/viewGoodsPage', '2017-10-17 09:06:34');
INSERT INTO `sys_operate_log` VALUES ('42277', 'admin', '125.97.241.22', '超级管理员', '/weixin/callbackCart/dataGrid', '2017-10-17 09:06:40');
INSERT INTO `sys_operate_log` VALUES ('42278', 'liyun', '125.97.241.22', '李云', '/weixin/callbackCart/manager', '2017-10-17 09:20:55');
INSERT INTO `sys_operate_log` VALUES ('42279', 'liyun', '125.97.241.22', '李云', '/weixin/callbackCart/dataGrid', '2017-10-17 09:20:55');
INSERT INTO `sys_operate_log` VALUES ('42280', 'liyun', '125.97.241.22', '李云', '/portalpay/tradeOrders/viewGoodsPage', '2017-10-17 09:20:59');
INSERT INTO `sys_operate_log` VALUES ('42281', 'liyun', '125.97.241.22', '李云', '/portalpay/tradeOrders/viewGoodsPage', '2017-10-17 09:21:13');
INSERT INTO `sys_operate_log` VALUES ('42282', 'liyun', '125.97.241.22', '李云', '/portalpay/tradeOrders/viewGoodsPage', '2017-10-17 09:21:17');
INSERT INTO `sys_operate_log` VALUES ('42283', 'liyun', '125.97.241.22', '李云', '/portalpay/tradeOrders/viewGoodsPage', '2017-10-17 09:21:19');
INSERT INTO `sys_operate_log` VALUES ('42284', 'liyun', '125.97.241.22', '李云', '/portalpay/tradeOrders/viewGoodsPage', '2017-10-17 09:21:22');
INSERT INTO `sys_operate_log` VALUES ('42285', 'liyun', '125.97.241.22', '李云', '/portalpay/tradeOrders/viewGoodsPage', '2017-10-17 09:21:29');
INSERT INTO `sys_operate_log` VALUES ('42286', 'liyun', '125.97.241.22', '李云', '/portalpay/tradeOrders/viewGoodsPage', '2017-10-17 09:21:33');
INSERT INTO `sys_operate_log` VALUES ('42287', 'liyun', '125.97.241.22', '李云', '/portalpay/tradeOrders/viewGoodsPage', '2017-10-17 09:21:37');
INSERT INTO `sys_operate_log` VALUES ('42288', 'liyun', '125.97.241.22', '李云', '/portalpay/tradeOrders/viewGoodsPage', '2017-10-17 09:21:41');
INSERT INTO `sys_operate_log` VALUES ('42289', 'liyun', '125.97.241.22', '李云', '/portalpay/tradeOrders/viewGoodsPage', '2017-10-17 09:21:48');
INSERT INTO `sys_operate_log` VALUES ('42290', 'admin', '125.97.241.22', '超级管理员', '/portalpay/tradeOrders/dataGrid', '2017-10-17 09:23:31');
INSERT INTO `sys_operate_log` VALUES ('42291', 'admin', '125.97.241.22', '超级管理员', '/portalpay/tradeOrders/dataGrid', '2017-10-17 09:23:47');
INSERT INTO `sys_operate_log` VALUES ('42292', 'admin', '125.97.241.22', '超级管理员', '/portalpay/tradeOrders/dataGrid', '2017-10-17 09:24:03');
INSERT INTO `sys_operate_log` VALUES ('42293', 'admin', '125.97.241.22', '超级管理员', '/portalpay/tradeOrders/dataGrid', '2017-10-17 09:24:19');
INSERT INTO `sys_operate_log` VALUES ('42294', 'admin', '125.97.241.22', '超级管理员', '/weixin/informationCart/manager', '2017-10-17 09:28:52');
INSERT INTO `sys_operate_log` VALUES ('42295', 'admin', '125.97.241.22', '超级管理员', '/weixin/informationCart/dataGrid', '2017-10-17 09:28:52');
INSERT INTO `sys_operate_log` VALUES ('42296', 'admin', '125.97.241.22', '超级管理员', '/weixin/callbackCart/manager', '2017-10-17 09:28:53');
INSERT INTO `sys_operate_log` VALUES ('42297', 'admin', '125.97.241.22', '超级管理员', '/weixin/callbackCart/dataGrid', '2017-10-17 09:28:53');
INSERT INTO `sys_operate_log` VALUES ('42298', 'admin', '125.97.241.22', '超级管理员', '/weixin/callbackCart/dataGrid', '2017-10-17 10:01:20');
INSERT INTO `sys_operate_log` VALUES ('42299', 'admin', '125.97.241.22', '超级管理员', '/portalpay/tradeOrders/manager', '2017-10-17 10:01:23');
INSERT INTO `sys_operate_log` VALUES ('42300', 'admin', '125.97.241.22', '超级管理员', '/portalpay/tradeOrders/dataGrid', '2017-10-17 10:01:23');
INSERT INTO `sys_operate_log` VALUES ('42301', 'admin', '125.97.241.22', '超级管理员', '/portalpay/tradeOrders/dataGrid', '2017-10-17 10:01:34');
INSERT INTO `sys_operate_log` VALUES ('42302', 'admin', '125.97.241.22', '超级管理员', '/portalpay/tradeOrders/dataGrid', '2017-10-17 10:01:37');
INSERT INTO `sys_operate_log` VALUES ('42303', 'admin', '125.97.241.22', '超级管理员', '/portalpay/tradeOrders/dataGrid', '2017-10-17 10:01:38');
INSERT INTO `sys_operate_log` VALUES ('42304', 'admin', '125.97.241.22', '超级管理员', '/portalpay/tradeOrders/dataGrid', '2017-10-17 10:01:42');
INSERT INTO `sys_operate_log` VALUES ('42305', 'lsw', '121.69.129.58', '林丝雯', '/boc/tradeOrdersSeatBoc/manager', '2017-10-17 10:02:21');
INSERT INTO `sys_operate_log` VALUES ('42306', 'lsw', '121.69.129.58', '林丝雯', '/boc/tradeOrdersSeatBoc/dataGrid', '2017-10-17 10:02:22');
INSERT INTO `sys_operate_log` VALUES ('42307', 'admin', '125.97.241.22', '超级管理员', '/portalpay/tradeOrders/dataGrid', '2017-10-17 10:02:26');
INSERT INTO `sys_operate_log` VALUES ('42308', 'lsw', '121.69.129.58', '林丝雯', '/boc/tradeOrdersSeatBoc/dataGrid', '2017-10-17 10:02:42');
INSERT INTO `sys_operate_log` VALUES ('42309', 'lsw', '121.69.129.58', '林丝雯', '/boc/tradeOrdersSeatBoc/viewPage', '2017-10-17 10:02:55');
INSERT INTO `sys_operate_log` VALUES ('42310', 'lsw', '121.69.129.58', '林丝雯', '/boc/tradeOrdersSeatBoc/viewPage', '2017-10-17 10:03:01');
INSERT INTO `sys_operate_log` VALUES ('42311', 'lsw', '121.69.129.58', '林丝雯', '/filemanager/termInfo/manager', '2017-10-17 10:04:32');
INSERT INTO `sys_operate_log` VALUES ('42312', 'lsw', '121.69.129.58', '林丝雯', '/filemanager/termInfo/dataGrid', '2017-10-17 10:04:33');
INSERT INTO `sys_operate_log` VALUES ('42313', 'lsw', '121.69.129.58', '林丝雯', '/boc/txtContentBoc/manager', '2017-10-17 10:04:37');
INSERT INTO `sys_operate_log` VALUES ('42314', 'lsw', '121.69.129.58', '林丝雯', '/boc/txtContentBoc/dataGrid', '2017-10-17 10:04:37');
INSERT INTO `sys_operate_log` VALUES ('42315', 'lsw', '121.69.129.58', '林丝雯', '/boc/txtContentBoc/dataGrid', '2017-10-17 10:04:42');
INSERT INTO `sys_operate_log` VALUES ('42316', 'lsw', '121.69.129.58', '林丝雯', '/boc/txtContentBoc/dataGrid', '2017-10-17 10:04:50');
INSERT INTO `sys_operate_log` VALUES ('42317', 'admin', '125.97.241.22', '超级管理员', '/portalpay/tradeOrders/dataGrid', '2017-10-17 10:10:26');
INSERT INTO `sys_operate_log` VALUES ('42318', 'admin', '125.97.241.22', '超级管理员', '/portalpay/tradeOrders/dataGrid', '2017-10-17 10:10:27');
INSERT INTO `sys_operate_log` VALUES ('42319', 'admin', '125.97.241.22', '超级管理员', '/portalpay/tradeOrders/dataGrid', '2017-10-17 10:10:27');
INSERT INTO `sys_operate_log` VALUES ('42320', 'admin', '125.97.241.22', '超级管理员', '/portalpay/tradeOrders/dataGrid', '2017-10-17 10:10:28');
INSERT INTO `sys_operate_log` VALUES ('42321', 'liyun', '125.97.241.22', '李云', '/common/message/manager', '2017-10-17 10:12:06');
INSERT INTO `sys_operate_log` VALUES ('42322', 'liyun', '125.97.241.22', '李云', '/common/message/dataGrid', '2017-10-17 10:12:08');
INSERT INTO `sys_operate_log` VALUES ('42323', 'liyun', '125.97.241.22', '李云', '/common/message/sendMessPage', '2017-10-17 10:12:20');
INSERT INTO `sys_operate_log` VALUES ('42324', 'liyun', '125.97.241.22', '李云', '/common/message/manager', '2017-10-17 10:12:51');
INSERT INTO `sys_operate_log` VALUES ('42325', 'liyun', '125.97.241.22', '李云', '/common/message/dataGrid', '2017-10-17 10:12:52');
INSERT INTO `sys_operate_log` VALUES ('42326', 'liyun', '125.97.241.22', '李云', '/common/message/sendMess', '2017-10-17 10:16:36');
INSERT INTO `sys_operate_log` VALUES ('42327', 'liyun', '125.97.241.22', '李云', '/common/message/dataGrid', '2017-10-17 10:16:36');
INSERT INTO `sys_operate_log` VALUES ('42328', 'liyun', '125.97.241.22', '李云', '/common/message/sendMessPage', '2017-10-17 10:16:53');
INSERT INTO `sys_operate_log` VALUES ('42329', 'liyun', '125.97.241.22', '李云', '/common/message/sendMess', '2017-10-17 10:17:19');
INSERT INTO `sys_operate_log` VALUES ('42330', 'liyun', '125.97.241.22', '李云', '/common/message/dataGrid', '2017-10-17 10:17:19');
INSERT INTO `sys_operate_log` VALUES ('42331', 'admin', '125.97.241.22', '超级管理员', '/portalpay/tradeOrders/dataGrid', '2017-10-17 10:51:05');
INSERT INTO `sys_operate_log` VALUES ('42332', 'liyun', '125.97.241.22', '李云', '/weixin/informationCart/manager', '2017-10-17 11:04:18');
INSERT INTO `sys_operate_log` VALUES ('42333', 'liyun', '125.97.241.22', '李云', '/weixin/informationCart/dataGrid', '2017-10-17 11:04:18');
INSERT INTO `sys_operate_log` VALUES ('42334', 'liyun', '125.97.241.22', '李云', '/weixin/informationCart/payStatusQuery', '2017-10-17 11:04:42');
INSERT INTO `sys_operate_log` VALUES ('42335', 'liyun', '125.97.241.22', '李云', '/weixin/informationCart/dataGrid', '2017-10-17 11:04:43');
INSERT INTO `sys_operate_log` VALUES ('42336', 'liyun', '125.97.241.22', '李云', '/weixin/informationCart/payStatusQuery', '2017-10-17 11:04:46');
INSERT INTO `sys_operate_log` VALUES ('42337', 'liyun', '125.97.241.22', '李云', '/weixin/informationCart/dataGrid', '2017-10-17 11:04:47');
INSERT INTO `sys_operate_log` VALUES ('42338', 'liyun', '125.97.241.22', '李云', '/weixin/callbackCart/manager', '2017-10-17 11:04:58');
INSERT INTO `sys_operate_log` VALUES ('42339', 'liyun', '125.97.241.22', '李云', '/weixin/callbackCart/dataGrid', '2017-10-17 11:04:58');
INSERT INTO `sys_operate_log` VALUES ('42340', 'liyun', '125.97.241.22', '李云', '/portalpay/tradeOrders/viewGoodsPage', '2017-10-17 11:05:05');
INSERT INTO `sys_operate_log` VALUES ('42341', 'liyun', '125.97.241.22', '李云', '/weixin/callbackCart/manager', '2017-10-17 13:49:36');
INSERT INTO `sys_operate_log` VALUES ('42342', 'liyun', '125.97.241.22', '李云', '/weixin/callbackCart/dataGrid', '2017-10-17 13:49:36');
INSERT INTO `sys_operate_log` VALUES ('42343', 'admin', '125.97.241.22', '超级管理员', '/alipay/tradeOrdersZfb/manager', '2017-10-18 08:58:41');
INSERT INTO `sys_operate_log` VALUES ('42344', 'admin', '125.97.241.22', '超级管理员', '/alipay/tradeOrdersZfb/dataGrid', '2017-10-18 08:58:41');
INSERT INTO `sys_operate_log` VALUES ('42345', 'admin', '125.97.241.22', '超级管理员', '/alipay/refundRecordZfb/manager', '2017-10-18 08:58:44');
INSERT INTO `sys_operate_log` VALUES ('42346', 'admin', '125.97.241.22', '超级管理员', '/alipay/refundRecordZfb/dataGrid', '2017-10-18 08:58:44');
INSERT INTO `sys_operate_log` VALUES ('42347', 'admin', '125.97.241.22', '超级管理员', '/portalpay/portalpayOrder/manager', '2017-10-18 08:58:48');
INSERT INTO `sys_operate_log` VALUES ('42348', 'admin', '125.97.241.22', '超级管理员', '/portalpay/portalpayOrder/dataGrid', '2017-10-18 08:58:48');
INSERT INTO `sys_operate_log` VALUES ('42349', 'admin', '125.97.241.22', '超级管理员', '/boc/tradeOrdersCartBoc/manager', '2017-10-18 08:59:04');
INSERT INTO `sys_operate_log` VALUES ('42350', 'admin', '125.97.241.22', '超级管理员', '/boc/tradeOrdersCartBoc/dataGrid', '2017-10-18 08:59:04');
INSERT INTO `sys_operate_log` VALUES ('42351', 'admin', '125.97.241.22', '超级管理员', '/boc/tradeOrdersSeatBoc/manager', '2017-10-18 08:59:07');
INSERT INTO `sys_operate_log` VALUES ('42352', 'admin', '125.97.241.22', '超级管理员', '/boc/tradeOrdersSeatBoc/dataGrid', '2017-10-18 08:59:07');
INSERT INTO `sys_operate_log` VALUES ('42353', 'admin', '125.97.241.22', '超级管理员', '/portalpay/tradeOrders/manager', '2017-10-18 08:59:10');
INSERT INTO `sys_operate_log` VALUES ('42354', 'admin', '125.97.241.22', '超级管理员', '/portalpay/tradeOrders/dataGrid', '2017-10-18 08:59:10');
INSERT INTO `sys_operate_log` VALUES ('42355', 'admin', '125.97.241.22', '超级管理员', '/weixin/callbackCart/manager', '2017-10-18 08:59:18');
INSERT INTO `sys_operate_log` VALUES ('42356', 'admin', '125.97.241.22', '超级管理员', '/weixin/callbackCart/dataGrid', '2017-10-18 08:59:18');
INSERT INTO `sys_operate_log` VALUES ('42357', 'admin', '125.97.241.22', '超级管理员', '/weixin/common/getOrdreNumber', '2017-10-18 08:59:22');
INSERT INTO `sys_operate_log` VALUES ('42358', 'admin', '125.97.241.22', '超级管理员', '/weixin/informationCart/manager', '2017-10-18 09:03:38');
INSERT INTO `sys_operate_log` VALUES ('42359', 'admin', '125.97.241.22', '超级管理员', '/weixin/informationCart/dataGrid', '2017-10-18 09:03:39');
INSERT INTO `sys_operate_log` VALUES ('42360', 'admin', '125.97.241.22', '超级管理员', '/weixin/refund/manager', '2017-10-18 09:07:05');
INSERT INTO `sys_operate_log` VALUES ('42361', 'admin', '125.97.241.22', '超级管理员', '/weixin/refund/dataGrid', '2017-10-18 09:07:05');
INSERT INTO `sys_operate_log` VALUES ('42362', 'liyun', '125.97.241.22', '李云', '/portalpay/portalpayOrder/manager', '2017-10-18 09:08:44');
INSERT INTO `sys_operate_log` VALUES ('42363', 'liyun', '125.97.241.22', '李云', '/portalpay/portalpayOrder/dataGrid', '2017-10-18 09:08:44');
INSERT INTO `sys_operate_log` VALUES ('42364', 'liyun', '125.97.241.22', '李云', '/weixin/callbackCart/manager', '2017-10-18 09:08:51');
INSERT INTO `sys_operate_log` VALUES ('42365', 'liyun', '125.97.241.22', '李云', '/weixin/callbackCart/dataGrid', '2017-10-18 09:08:51');
INSERT INTO `sys_operate_log` VALUES ('42366', 'lsw', '121.69.129.58', '林丝雯', '/boc/tradeOrdersSeatBoc/manager', '2017-10-18 10:47:32');
INSERT INTO `sys_operate_log` VALUES ('42367', 'lsw', '121.69.129.58', '林丝雯', '/boc/tradeOrdersSeatBoc/dataGrid', '2017-10-18 10:47:32');
INSERT INTO `sys_operate_log` VALUES ('42368', 'lsw', '121.69.129.58', '林丝雯', '/boc/tradeOrdersSeatBoc/matchSeatOrder', '2017-10-18 10:47:57');
INSERT INTO `sys_operate_log` VALUES ('42369', 'lsw', '121.69.129.58', '林丝雯', '/boc/tradeOrdersSeatBoc/matchSeatOrder', '2017-10-18 10:48:10');
INSERT INTO `sys_operate_log` VALUES ('42370', 'lsw', '121.69.129.58', '林丝雯', '/boc/tradeOrdersSeatBoc/getPayinfo', '2017-10-18 10:48:20');
INSERT INTO `sys_operate_log` VALUES ('42371', 'lsw', '121.69.129.58', '林丝雯', '/boc/tradeOrdersSeatBoc/matchSeatOrder', '2017-10-18 10:48:41');
INSERT INTO `sys_operate_log` VALUES ('42372', 'lsw', '121.69.129.58', '林丝雯', '/boc/tradeOrdersSeatBoc/export', '2017-10-18 10:48:45');
INSERT INTO `sys_operate_log` VALUES ('42373', 'lsw', '121.69.129.58', '林丝雯', '/boc/tradeOrdersSeatBoc/export', '2017-10-18 10:49:00');
INSERT INTO `sys_operate_log` VALUES ('42374', 'lsw', '121.69.129.58', '林丝雯', '/boc/tradeOrdersSeatBoc/dataGrid', '2017-10-18 10:50:12');
INSERT INTO `sys_operate_log` VALUES ('42375', 'lsw', '121.69.129.58', '林丝雯', '/boc/tradeOrdersSeatBoc/dataGrid', '2017-10-18 10:50:24');
INSERT INTO `sys_operate_log` VALUES ('42376', 'lsw', '121.69.129.58', '林丝雯', '/boc/tradeOrdersSeatBoc/dataGrid', '2017-10-18 10:50:29');
INSERT INTO `sys_operate_log` VALUES ('42377', 'admin', '125.97.241.22', '超级管理员', '/boc/txtContentBoc/manager', '2017-10-18 10:54:10');
INSERT INTO `sys_operate_log` VALUES ('42378', 'admin', '125.97.241.22', '超级管理员', '/boc/txtContentBoc/dataGrid', '2017-10-18 10:54:10');
INSERT INTO `sys_operate_log` VALUES ('42379', 'admin', '125.97.241.22', '超级管理员', '/boc/tradeOrdersSeatBoc/manager', '2017-10-18 10:54:38');
INSERT INTO `sys_operate_log` VALUES ('42380', 'admin', '125.97.241.22', '超级管理员', '/boc/tradeOrdersSeatBoc/dataGrid', '2017-10-18 10:54:39');
INSERT INTO `sys_operate_log` VALUES ('42381', 'admin', '125.97.241.22', '超级管理员', '/boc/tradeOrdersCartBoc/manager', '2017-10-18 10:54:45');
INSERT INTO `sys_operate_log` VALUES ('42382', 'admin', '125.97.241.22', '超级管理员', '/boc/tradeOrdersCartBoc/dataGrid', '2017-10-18 10:54:45');
INSERT INTO `sys_operate_log` VALUES ('42383', 'admin', '125.97.241.22', '超级管理员', '/boc/tradeOrdersSeatBoc/export', '2017-10-18 10:55:36');
INSERT INTO `sys_operate_log` VALUES ('42384', 'admin', '125.97.241.22', '超级管理员', '/boc/txtUploadBoc/manager', '2017-10-18 10:56:20');
INSERT INTO `sys_operate_log` VALUES ('42385', 'admin', '125.97.241.22', '超级管理员', '/boc/txtUploadBoc/dataGrid', '2017-10-18 10:56:20');
INSERT INTO `sys_operate_log` VALUES ('42386', 'admin', '125.97.241.22', '超级管理员', '/boc/txtContentBoc/dataGrid', '2017-10-18 10:56:56');
INSERT INTO `sys_operate_log` VALUES ('42387', 'admin', '125.97.241.22', '超级管理员', '/boc/txtContentBoc/dataGrid', '2017-10-18 10:57:00');
INSERT INTO `sys_operate_log` VALUES ('42388', 'admin', '125.97.241.22', '超级管理员', '/boc/txtContentBoc/dataGrid', '2017-10-18 10:57:01');
INSERT INTO `sys_operate_log` VALUES ('42389', 'admin', '125.97.241.22', '超级管理员', '/boc/tradeFeedback/manager', '2017-10-18 10:57:02');
INSERT INTO `sys_operate_log` VALUES ('42390', 'admin', '125.97.241.22', '超级管理员', '/boc/tradeFeedback/dataGrid', '2017-10-18 10:57:02');
INSERT INTO `sys_operate_log` VALUES ('42391', 'lsw', '121.69.129.58', '林丝雯', '/boc/tradeFeedback/manager', '2017-10-18 10:58:30');
INSERT INTO `sys_operate_log` VALUES ('42392', 'lsw', '121.69.129.58', '林丝雯', '/boc/tradeFeedback/dataGrid', '2017-10-18 10:58:30');
INSERT INTO `sys_operate_log` VALUES ('42393', 'lsw', '121.69.129.58', '林丝雯', '/boc/txtContentBoc/manager', '2017-10-18 10:58:39');
INSERT INTO `sys_operate_log` VALUES ('42394', 'lsw', '121.69.129.58', '林丝雯', '/boc/txtContentBoc/dataGrid', '2017-10-18 10:58:40');
INSERT INTO `sys_operate_log` VALUES ('42395', 'liyun', '125.97.241.22', '李云', '/portalpay/tradeOrders/manager', '2017-10-18 10:59:06');
INSERT INTO `sys_operate_log` VALUES ('42396', 'liyun', '125.97.241.22', '李云', '/portalpay/tradeOrders/dataGrid', '2017-10-18 10:59:06');
INSERT INTO `sys_operate_log` VALUES ('42397', 'lsw', '121.69.129.58', '林丝雯', '/boc/txtContentBoc/dataGrid', '2017-10-18 10:59:09');
INSERT INTO `sys_operate_log` VALUES ('42398', 'liyun', '125.97.241.22', '李云', '/portalpay/tradeOrders/dataGrid', '2017-10-18 10:59:10');
INSERT INTO `sys_operate_log` VALUES ('42399', 'liyun', '125.97.241.22', '李云', '/portalpay/tradeOrders/dataGrid', '2017-10-18 10:59:24');
INSERT INTO `sys_operate_log` VALUES ('42400', 'liyun', '125.97.241.22', '李云', '/portalpay/tradeOrders/dataGrid', '2017-10-18 10:59:27');
INSERT INTO `sys_operate_log` VALUES ('42401', 'liyun', '125.97.241.22', '李云', '/portalpay/tradeOrders/dataGrid', '2017-10-18 10:59:29');
INSERT INTO `sys_operate_log` VALUES ('42402', 'liyun', '125.97.241.22', '李云', '/weixin/callbackCart/manager', '2017-10-18 11:00:32');
INSERT INTO `sys_operate_log` VALUES ('42403', 'liyun', '125.97.241.22', '李云', '/weixin/callbackCart/dataGrid', '2017-10-18 11:00:32');
INSERT INTO `sys_operate_log` VALUES ('42404', 'liyun', '125.97.241.22', '李云', '/portalpay/tradeOrders/viewGoodsPage', '2017-10-18 11:00:44');
INSERT INTO `sys_operate_log` VALUES ('42405', 'liyun', '125.97.241.22', '李云', '/portalpay/tradeOrders/viewGoodsPage', '2017-10-18 11:00:48');
INSERT INTO `sys_operate_log` VALUES ('42406', 'liyun', '125.97.241.22', '李云', '/portalpay/tradeOrders/viewGoodsPage', '2017-10-18 11:00:52');
INSERT INTO `sys_operate_log` VALUES ('42407', 'liyun', '125.97.241.22', '李云', '/portalpay/tradeOrders/dataGrid', '2017-10-18 11:01:12');
INSERT INTO `sys_operate_log` VALUES ('42408', 'liyun', '125.97.241.22', '李云', '/portalpay/tradeOrders/dataGrid', '2017-10-18 11:01:15');
INSERT INTO `sys_operate_log` VALUES ('42409', 'liyun', '125.97.241.22', '李云', '/portalpay/tradeOrders/dataGrid', '2017-10-18 11:01:22');
INSERT INTO `sys_operate_log` VALUES ('42410', 'lsw', '121.69.129.58', '林丝雯', '/boc/tradeOrdersSeatBoc/export', '2017-10-18 11:03:06');
INSERT INTO `sys_operate_log` VALUES ('42411', 'lsw', '121.69.129.58', '林丝雯', '/boc/tradeOrdersSeatBoc/export', '2017-10-18 11:03:12');
INSERT INTO `sys_operate_log` VALUES ('42412', 'liyun', '125.97.241.22', '李云', '/portalpay/tradeOrders/manager', '2017-10-18 14:32:34');
INSERT INTO `sys_operate_log` VALUES ('42413', 'liyun', '125.97.241.22', '李云', '/portalpay/tradeOrders/dataGrid', '2017-10-18 14:32:34');
INSERT INTO `sys_operate_log` VALUES ('42414', 'liyun', '125.97.241.22', '李云', '/portalpay/tradeOrders/manager', '2017-10-18 14:32:58');
INSERT INTO `sys_operate_log` VALUES ('42415', 'liyun', '125.97.241.22', '李云', '/portalpay/tradeOrders/dataGrid', '2017-10-18 14:32:59');
INSERT INTO `sys_operate_log` VALUES ('42416', 'liyun', '125.97.241.22', '李云', '/weixin/callbackCart/manager', '2017-10-18 14:33:03');
INSERT INTO `sys_operate_log` VALUES ('42417', 'liyun', '125.97.241.22', '李云', '/weixin/callbackCart/dataGrid', '2017-10-18 14:33:03');
INSERT INTO `sys_operate_log` VALUES ('42418', 'liyun', '125.97.241.22', '李云', '/portalpay/tradeGoods/manager', '2017-10-18 14:33:10');
INSERT INTO `sys_operate_log` VALUES ('42419', 'liyun', '125.97.241.22', '李云', '/portalpay/tradeGoods/dataGrid', '2017-10-18 14:33:10');
INSERT INTO `sys_operate_log` VALUES ('42420', 'liyun', '125.97.241.22', '李云', '/portalpay/tradeGoods/addPage', '2017-10-18 14:33:15');
INSERT INTO `sys_operate_log` VALUES ('42421', 'liyun', '125.97.241.22', '李云', '/weixin/callbackCart/manager', '2017-10-18 14:33:26');
INSERT INTO `sys_operate_log` VALUES ('42422', 'liyun', '125.97.241.22', '李云', '/weixin/callbackCart/dataGrid', '2017-10-18 14:33:26');
INSERT INTO `sys_operate_log` VALUES ('42423', 'liyun', '125.97.241.22', '李云', '/portalpay/tradeOrders/addPage', '2017-10-18 14:33:40');
INSERT INTO `sys_operate_log` VALUES ('42424', 'liyun', '125.97.241.22', '李云', '/portalpay/tradeOrders/add', '2017-10-18 14:35:12');
INSERT INTO `sys_operate_log` VALUES ('42425', 'liyun', '125.97.241.22', '李云', '/portalpay/tradeOrders/dataGrid', '2017-10-18 14:35:12');
INSERT INTO `sys_operate_log` VALUES ('42426', 'liyun', '125.97.241.22', '李云', '/portalpay/tradeOrders/viewGoodsPage', '2017-10-18 14:35:23');
INSERT INTO `sys_operate_log` VALUES ('42427', 'liyun', '125.97.241.22', '李云', '/portalpay/tradeGoods/addPage', '2017-10-18 14:35:32');
INSERT INTO `sys_operate_log` VALUES ('42428', 'liyun', '125.97.241.22', '李云', '/common/tradeLogistics/manager', '2017-10-18 14:48:07');
INSERT INTO `sys_operate_log` VALUES ('42429', 'liyun', '125.97.241.22', '李云', '/common/tradeLogistics/dataGrid', '2017-10-18 14:48:07');
INSERT INTO `sys_operate_log` VALUES ('42430', 'liyun', '125.97.241.22', '李云', '/common/message/manager', '2017-10-18 14:48:08');
INSERT INTO `sys_operate_log` VALUES ('42431', 'liyun', '125.97.241.22', '李云', '/common/message/dataGrid', '2017-10-18 14:48:08');
INSERT INTO `sys_operate_log` VALUES ('42432', 'lsw', '121.69.129.58', '林丝雯', '/boc/tradeOrdersSeatBoc/manager', '2017-10-18 15:55:58');
INSERT INTO `sys_operate_log` VALUES ('42433', 'lsw', '121.69.129.58', '林丝雯', '/boc/tradeOrdersSeatBoc/dataGrid', '2017-10-18 15:55:59');
INSERT INTO `sys_operate_log` VALUES ('42434', 'lsw', '121.69.129.58', '林丝雯', '/boc/tradeOrdersSeatBoc/matchSeatOrder', '2017-10-18 15:56:01');
INSERT INTO `sys_operate_log` VALUES ('42435', 'lsw', '121.69.129.58', '林丝雯', '/boc/tradeOrdersSeatBoc/matchSeatOrder', '2017-10-18 15:56:06');
INSERT INTO `sys_operate_log` VALUES ('42436', 'lsw', '121.69.129.58', '林丝雯', '/boc/tradeOrdersSeatBoc/matchSeatOrder', '2017-10-18 15:56:13');
INSERT INTO `sys_operate_log` VALUES ('42437', 'admin', '125.97.241.22', '超级管理员', '/portalpay/tradeGoods/manager', '2017-10-18 16:37:50');
INSERT INTO `sys_operate_log` VALUES ('42438', 'admin', '125.97.241.22', '超级管理员', '/portalpay/tradeGoods/dataGrid', '2017-10-18 16:37:50');
INSERT INTO `sys_operate_log` VALUES ('42439', 'admin', '125.97.241.22', '超级管理员', '/portalpay/tradeGoods/dataGrid', '2017-10-18 16:37:54');
INSERT INTO `sys_operate_log` VALUES ('42440', 'liyun', '125.97.241.22', '李云', '/portalpay/tradeGoods/addPage', '2017-10-18 16:38:27');
INSERT INTO `sys_operate_log` VALUES ('42441', 'admin', '125.97.241.22', '超级管理员', '/portalpay/tradeGoods/dataGrid', '2017-10-18 16:38:28');
INSERT INTO `sys_operate_log` VALUES ('42442', 'liyun', '125.97.241.22', '李云', '/portalpay/tradeGoods/dataGrid', '2017-10-18 16:38:48');
INSERT INTO `sys_operate_log` VALUES ('42443', 'liyun', '125.97.241.22', '李云', '/portalpay/tradeGoods/dataGrid', '2017-10-18 16:38:55');
INSERT INTO `sys_operate_log` VALUES ('42444', 'liyun', '125.97.241.22', '李云', '/portalpay/tradeGoods/dataGrid', '2017-10-18 16:41:01');
INSERT INTO `sys_operate_log` VALUES ('42445', 'liyun', '125.97.241.22', '李云', '/portalpay/tradeOrders/addPage', '2017-10-18 16:45:40');
INSERT INTO `sys_operate_log` VALUES ('42446', 'liyun', '125.97.241.22', '李云', '/portalpay/tradeOrders/manager', '2017-10-18 16:45:52');
INSERT INTO `sys_operate_log` VALUES ('42447', 'liyun', '125.97.241.22', '李云', '/portalpay/tradeOrders/dataGrid', '2017-10-18 16:45:53');
INSERT INTO `sys_operate_log` VALUES ('42448', 'liyun', '125.97.241.22', '李云', '/portalpay/tradeGoods/manager', '2017-10-18 16:45:56');
INSERT INTO `sys_operate_log` VALUES ('42449', 'liyun', '125.97.241.22', '李云', '/portalpay/tradeGoods/dataGrid', '2017-10-18 16:45:56');
INSERT INTO `sys_operate_log` VALUES ('42450', 'liyun', '125.97.241.22', '李云', '/portalpay/tradeGoods/addPage', '2017-10-18 16:46:02');
INSERT INTO `sys_operate_log` VALUES ('42451', 'liyun', '125.97.241.22', '李云', '/portalpay/tradeGoods/add', '2017-10-18 16:46:43');
INSERT INTO `sys_operate_log` VALUES ('42452', 'liyun', '125.97.241.22', '李云', '/portalpay/tradeGoods/dataGrid', '2017-10-18 16:46:43');
INSERT INTO `sys_operate_log` VALUES ('42453', 'liyun', '125.97.241.22', '李云', '/portalpay/tradeOrders/viewGoodsPage', '2017-10-18 16:46:54');
INSERT INTO `sys_operate_log` VALUES ('42454', 'liyun', '125.97.241.22', '李云', '/portalpay/tradeGoods/addPage', '2017-10-18 16:47:06');
INSERT INTO `sys_operate_log` VALUES ('42455', 'liyun', '125.97.241.22', '李云', '/portalpay/tradeGoods/dataGrid', '2017-10-18 16:47:18');
INSERT INTO `sys_operate_log` VALUES ('42456', 'liyun', '125.97.241.22', '李云', '/portalpay/tradeGoods/add', '2017-10-18 16:47:55');
INSERT INTO `sys_operate_log` VALUES ('42457', 'liyun', '125.97.241.22', '李云', '/portalpay/tradeGoods/dataGrid', '2017-10-18 16:47:55');
INSERT INTO `sys_operate_log` VALUES ('42458', 'liyun', '125.97.241.22', '李云', '/weixin/callbackCart/manager', '2017-10-18 16:54:23');
INSERT INTO `sys_operate_log` VALUES ('42459', 'liyun', '125.97.241.22', '李云', '/weixin/callbackCart/dataGrid', '2017-10-18 16:54:23');
INSERT INTO `sys_operate_log` VALUES ('42460', 'liyun', '125.97.241.22', '李云', '/portalpay/tradeOrders/viewGoodsPage', '2017-10-18 16:54:26');
INSERT INTO `sys_operate_log` VALUES ('42461', 'liyun', '125.97.241.22', '李云', '/portalpay/tradeOrders/viewGoodsPage', '2017-10-18 16:54:29');
INSERT INTO `sys_operate_log` VALUES ('42462', 'liyun', '125.97.241.22', '李云', '/portalpay/tradeOrders/addPage', '2017-10-18 16:54:47');
INSERT INTO `sys_operate_log` VALUES ('42463', 'liyun', '125.97.241.22', '李云', '/portalpay/tradeOrders/add', '2017-10-18 16:56:21');
INSERT INTO `sys_operate_log` VALUES ('42464', 'liyun', '125.97.241.22', '李云', '/portalpay/tradeOrders/dataGrid', '2017-10-18 16:56:21');
INSERT INTO `sys_operate_log` VALUES ('42465', 'liyun', '125.97.241.22', '李云', '/portalpay/tradeGoods/addPage', '2017-10-18 16:56:53');
INSERT INTO `sys_operate_log` VALUES ('42466', 'liyun', '125.97.241.22', '李云', '/portalpay/tradeGoods/manager', '2017-10-18 16:57:07');
INSERT INTO `sys_operate_log` VALUES ('42467', 'liyun', '125.97.241.22', '李云', '/portalpay/tradeGoods/dataGrid', '2017-10-18 16:57:07');
INSERT INTO `sys_operate_log` VALUES ('42468', 'liyun', '125.97.241.22', '李云', '/portalpay/tradeGoods/dataGrid', '2017-10-18 16:57:23');
INSERT INTO `sys_operate_log` VALUES ('42469', 'liyun', '125.97.241.22', '李云', '/portalpay/tradeGoods/add', '2017-10-18 16:58:06');
INSERT INTO `sys_operate_log` VALUES ('42470', 'liyun', '125.97.241.22', '李云', '/portalpay/tradeGoods/dataGrid', '2017-10-18 16:58:06');
INSERT INTO `sys_operate_log` VALUES ('42471', 'liyun', '125.97.241.22', '李云', '/portalpay/tradeOrders/addPage', '2017-10-18 16:58:33');
INSERT INTO `sys_operate_log` VALUES ('42472', 'liyun', '125.97.241.22', '李云', '/portalpay/tradeOrders/add', '2017-10-18 17:00:25');
INSERT INTO `sys_operate_log` VALUES ('42473', 'liyun', '125.97.241.22', '李云', '/portalpay/tradeOrders/dataGrid', '2017-10-18 17:00:25');
INSERT INTO `sys_operate_log` VALUES ('42474', 'liyun', '125.97.241.22', '李云', '/portalpay/tradeOrders/viewGoodsPage', '2017-10-18 17:00:32');
INSERT INTO `sys_operate_log` VALUES ('42475', 'liyun', '125.97.241.22', '李云', '/portalpay/tradeGoods/addPage', '2017-10-18 17:00:40');
INSERT INTO `sys_operate_log` VALUES ('42476', 'liyun', '125.97.241.22', '李云', '/portalpay/tradeGoods/dataGrid', '2017-10-18 17:01:02');
INSERT INTO `sys_operate_log` VALUES ('42477', 'liyun', '125.97.241.22', '李云', '/portalpay/tradeGoods/add', '2017-10-18 17:01:46');
INSERT INTO `sys_operate_log` VALUES ('42478', 'liyun', '125.97.241.22', '李云', '/portalpay/tradeGoods/dataGrid', '2017-10-18 17:01:46');
INSERT INTO `sys_operate_log` VALUES ('42479', 'liyun', '125.97.241.22', '李云', '/portalpay/tradeOrders/viewGoodsPage', '2017-10-18 17:02:15');
INSERT INTO `sys_operate_log` VALUES ('42480', 'liyun', '125.97.241.22', '李云', '/portalpay/tradeOrders/viewGoodsPage', '2017-10-18 17:02:20');
INSERT INTO `sys_operate_log` VALUES ('42481', 'liyun', '125.97.241.22', '李云', '/portalpay/tradeOrders/viewGoodsPage', '2017-10-18 17:02:23');
INSERT INTO `sys_operate_log` VALUES ('42482', 'liyun', '125.97.241.22', '李云', '/portalpay/tradeOrders/addPage', '2017-10-18 17:02:32');
INSERT INTO `sys_operate_log` VALUES ('42483', 'liyun', '125.97.241.22', '李云', '/portalpay/tradeOrders/add', '2017-10-18 17:03:30');
INSERT INTO `sys_operate_log` VALUES ('42484', 'liyun', '125.97.241.22', '李云', '/portalpay/tradeOrders/dataGrid', '2017-10-18 17:03:30');
INSERT INTO `sys_operate_log` VALUES ('42485', 'liyun', '125.97.241.22', '李云', '/portalpay/tradeGoods/addPage', '2017-10-18 17:03:33');
INSERT INTO `sys_operate_log` VALUES ('42486', 'liyun', '125.97.241.22', '李云', '/portalpay/tradeGoods/dataGrid', '2017-10-18 17:03:54');
INSERT INTO `sys_operate_log` VALUES ('42487', 'liyun', '125.97.241.22', '李云', '/portalpay/tradeGoods/add', '2017-10-18 17:04:47');
INSERT INTO `sys_operate_log` VALUES ('42488', 'liyun', '125.97.241.22', '李云', '/portalpay/tradeGoods/dataGrid', '2017-10-18 17:04:47');
INSERT INTO `sys_operate_log` VALUES ('42489', 'liyun', '125.97.241.22', '李云', '/portalpay/tradeOrders/viewGoodsPage', '2017-10-18 17:04:58');
INSERT INTO `sys_operate_log` VALUES ('42490', 'liyun', '125.97.241.22', '李云', '/portalpay/tradeOrders/viewGoodsPage', '2017-10-18 17:05:02');
INSERT INTO `sys_operate_log` VALUES ('42491', 'liyun', '125.97.241.22', '李云', '/portalpay/tradeOrders/viewGoodsPage', '2017-10-18 17:05:09');
INSERT INTO `sys_operate_log` VALUES ('42492', 'liyun', '125.97.241.22', '李云', '/portalpay/tradeOrders/viewGoodsPage', '2017-10-18 17:05:16');
INSERT INTO `sys_operate_log` VALUES ('42493', 'liyun', '125.97.241.22', '李云', '/portalpay/tradeOrders/viewGoodsPage', '2017-10-18 17:05:28');
INSERT INTO `sys_operate_log` VALUES ('42494', 'liyun', '125.97.241.22', '李云', '/portalpay/tradeOrders/viewGoodsPage', '2017-10-18 17:05:31');
INSERT INTO `sys_operate_log` VALUES ('42495', 'liyun', '125.97.241.22', '李云', '/portalpay/tradeOrders/viewGoodsPage', '2017-10-18 17:05:36');
INSERT INTO `sys_operate_log` VALUES ('42496', 'liyun', '125.97.241.22', '李云', '/portalpay/tradeOrders/viewGoodsPage', '2017-10-18 17:05:44');
INSERT INTO `sys_operate_log` VALUES ('42497', 'admin', '125.97.241.22', '超级管理员', '/weixin/informationCart/manager', '2017-10-19 08:29:30');
INSERT INTO `sys_operate_log` VALUES ('42498', 'admin', '125.97.241.22', '超级管理员', '/weixin/informationCart/dataGrid', '2017-10-19 08:29:30');
INSERT INTO `sys_operate_log` VALUES ('42499', 'admin', '125.97.241.22', '超级管理员', '/weixin/callbackCart/manager', '2017-10-19 08:29:31');
INSERT INTO `sys_operate_log` VALUES ('42500', 'admin', '125.97.241.22', '超级管理员', '/weixin/callbackCart/dataGrid', '2017-10-19 08:29:31');
INSERT INTO `sys_operate_log` VALUES ('42501', 'admin', '125.97.241.22', '超级管理员', '/boc/tradeOrdersSeatBoc/manager', '2017-10-19 08:29:35');
INSERT INTO `sys_operate_log` VALUES ('42502', 'admin', '125.97.241.22', '超级管理员', '/boc/tradeOrdersSeatBoc/dataGrid', '2017-10-19 08:29:35');
INSERT INTO `sys_operate_log` VALUES ('42503', 'admin', '125.97.241.22', '超级管理员', '/portalpay/portalpayOrder/manager', '2017-10-19 08:29:44');
INSERT INTO `sys_operate_log` VALUES ('42504', 'admin', '125.97.241.22', '超级管理员', '/portalpay/portalpayOrder/dataGrid', '2017-10-19 08:29:44');
INSERT INTO `sys_operate_log` VALUES ('42505', 'liyun', '125.97.241.22', '李云', '/weixin/callbackCart/manager', '2017-10-19 09:08:30');
INSERT INTO `sys_operate_log` VALUES ('42506', 'liyun', '125.97.241.22', '李云', '/weixin/callbackCart/dataGrid', '2017-10-19 09:08:30');
INSERT INTO `sys_operate_log` VALUES ('42507', 'liyun', '125.97.241.22', '李云', '/portalpay/tradeOrders/manager', '2017-10-19 09:08:54');
INSERT INTO `sys_operate_log` VALUES ('42508', 'liyun', '125.97.241.22', '李云', '/portalpay/tradeOrders/dataGrid', '2017-10-19 09:08:55');
INSERT INTO `sys_operate_log` VALUES ('42509', 'admin', '125.97.241.22', '超级管理员', '/portalpay/tradeOrders/manager', '2017-10-19 09:13:00');
INSERT INTO `sys_operate_log` VALUES ('42510', 'admin', '125.97.241.22', '超级管理员', '/portalpay/tradeOrders/dataGrid', '2017-10-19 09:13:00');
INSERT INTO `sys_operate_log` VALUES ('42511', 'admin', '125.97.241.22', '超级管理员', '/portalpay/tradeOrders/editPage', '2017-10-19 09:13:53');
INSERT INTO `sys_operate_log` VALUES ('42512', 'admin', '125.97.241.22', '超级管理员', '/portalpay/tradeOrders/dataGrid', '2017-10-19 09:14:31');
INSERT INTO `sys_operate_log` VALUES ('42513', 'admin', '125.97.241.22', '超级管理员', '/weixin/informationCart/manager', '2017-10-19 09:35:30');
INSERT INTO `sys_operate_log` VALUES ('42514', 'admin', '125.97.241.22', '超级管理员', '/weixin/informationCart/dataGrid', '2017-10-19 09:35:30');
INSERT INTO `sys_operate_log` VALUES ('42515', 'admin', '125.97.241.22', '超级管理员', '/weixin/callbackCart/manager', '2017-10-19 09:35:59');
INSERT INTO `sys_operate_log` VALUES ('42516', 'admin', '125.97.241.22', '超级管理员', '/weixin/callbackCart/dataGrid', '2017-10-19 09:35:59');
INSERT INTO `sys_operate_log` VALUES ('42517', 'admin', '125.97.241.22', '超级管理员', '/portalpay/tradeOrders/manager', '2017-10-19 09:36:10');
INSERT INTO `sys_operate_log` VALUES ('42518', 'admin', '125.97.241.22', '超级管理员', '/portalpay/tradeOrders/dataGrid', '2017-10-19 09:36:10');
INSERT INTO `sys_operate_log` VALUES ('42519', 'admin', '125.97.241.22', '超级管理员', '/portalpay/supplierNotify/manager', '2017-10-19 09:36:26');
INSERT INTO `sys_operate_log` VALUES ('42520', 'admin', '125.97.241.22', '超级管理员', '/portalpay/supplierNotify/dataGrid', '2017-10-19 09:36:27');
INSERT INTO `sys_operate_log` VALUES ('42521', 'admin', '125.97.241.22', '超级管理员', '/yongle/fconfigInfoYl/manager', '2017-10-19 09:36:29');
INSERT INTO `sys_operate_log` VALUES ('42522', 'admin', '125.97.241.22', '超级管理员', '/yongle/fconfigInfoYl/dataGrid', '2017-10-19 09:36:29');
INSERT INTO `sys_operate_log` VALUES ('42523', 'admin', '125.97.241.22', '超级管理员', '/yongle/lmapplyRefundInfoYl/manager', '2017-10-19 09:36:30');
INSERT INTO `sys_operate_log` VALUES ('42524', 'admin', '125.97.241.22', '超级管理员', '/yongle/lmapplyRefundInfoYl/dataGrid', '2017-10-19 09:36:31');
INSERT INTO `sys_operate_log` VALUES ('42525', 'admin', '125.97.241.22', '超级管理员', '/yongle/productInfoYl/manager', '2017-10-19 09:36:33');
INSERT INTO `sys_operate_log` VALUES ('42526', 'admin', '125.97.241.22', '超级管理员', '/yongle/productInfoYl/dataGrid', '2017-10-19 09:36:33');
INSERT INTO `sys_operate_log` VALUES ('42527', 'admin', '125.97.241.22', '超级管理员', '/filemanager/fileDownload/manager', '2017-10-19 09:36:35');
INSERT INTO `sys_operate_log` VALUES ('42528', 'admin', '125.97.241.22', '超级管理员', '/filemanager/fileDownload/fileDownloadPie', '2017-10-19 09:36:35');
INSERT INTO `sys_operate_log` VALUES ('42529', 'admin', '125.97.241.22', '超级管理员', '/filemanager/fileDownload/dataGrid', '2017-10-19 09:36:35');
INSERT INTO `sys_operate_log` VALUES ('42530', 'admin', '125.97.241.22', '超级管理员', '/filemanager/fileUpload/manager', '2017-10-19 09:36:36');
INSERT INTO `sys_operate_log` VALUES ('42531', 'admin', '125.97.241.22', '超级管理员', '/filemanager/fileUpload/dataGrid', '2017-10-19 09:36:36');
INSERT INTO `sys_operate_log` VALUES ('42532', 'admin', '125.97.241.22', '超级管理员', '/filemanager/termInfo/manager', '2017-10-19 09:36:44');
INSERT INTO `sys_operate_log` VALUES ('42533', 'admin', '125.97.241.22', '超级管理员', '/filemanager/termInfo/dataGrid', '2017-10-19 09:36:44');
INSERT INTO `sys_operate_log` VALUES ('42534', 'admin', '125.97.241.22', '超级管理员', '/common/recharge/manager', '2017-10-19 09:36:46');
INSERT INTO `sys_operate_log` VALUES ('42535', 'admin', '125.97.241.22', '超级管理员', '/common/recharge/dataGrid', '2017-10-19 09:36:46');
INSERT INTO `sys_operate_log` VALUES ('42536', 'admin', '125.97.241.22', '超级管理员', '/common/tradeLogistics/manager', '2017-10-19 09:36:47');
INSERT INTO `sys_operate_log` VALUES ('42537', 'admin', '125.97.241.22', '超级管理员', '/common/tradeLogistics/dataGrid', '2017-10-19 09:36:47');
INSERT INTO `sys_operate_log` VALUES ('42538', 'admin', '125.97.241.22', '超级管理员', '/common/message/manager', '2017-10-19 09:36:50');
INSERT INTO `sys_operate_log` VALUES ('42539', 'admin', '125.97.241.22', '超级管理员', '/common/message/dataGrid', '2017-10-19 09:36:50');
INSERT INTO `sys_operate_log` VALUES ('42540', 'admin', '125.97.241.22', '超级管理员', '/ledou/ledouOrder/manager', '2017-10-19 09:36:53');
INSERT INTO `sys_operate_log` VALUES ('42541', 'admin', '125.97.241.22', '超级管理员', '/ledou/ledouOrder/dataGrid', '2017-10-19 09:36:54');
INSERT INTO `sys_operate_log` VALUES ('42542', 'admin', '125.97.241.22', '超级管理员', '/kaola/goodsInfo/manager', '2017-10-19 09:36:55');
INSERT INTO `sys_operate_log` VALUES ('42543', 'admin', '125.97.241.22', '超级管理员', '/kaola/goodsInfo/dataGrid', '2017-10-19 09:36:55');
INSERT INTO `sys_operate_log` VALUES ('42544', 'admin', '125.97.241.22', '超级管理员', '/kaola/orderInfo/manager', '2017-10-19 09:36:58');
INSERT INTO `sys_operate_log` VALUES ('42545', 'admin', '125.97.241.22', '超级管理员', '/kaola/orderInfo/dataGrid', '2017-10-19 09:36:58');
INSERT INTO `sys_operate_log` VALUES ('42546', 'admin', '125.97.241.22', '超级管理员', '/jinxiutong/goodsInfo/manager', '2017-10-19 09:37:07');
INSERT INTO `sys_operate_log` VALUES ('42547', 'admin', '125.97.241.22', '超级管理员', '/jinxiutong/goodsInfo/dataGrid', '2017-10-19 09:37:07');
INSERT INTO `sys_operate_log` VALUES ('42548', 'admin', '125.97.241.22', '超级管理员', '/jinxiutong/ordersInfo/manager', '2017-10-19 09:37:08');
INSERT INTO `sys_operate_log` VALUES ('42549', 'admin', '125.97.241.22', '超级管理员', '/jinxiutong/ordersInfo/dataGrid', '2017-10-19 09:37:08');
INSERT INTO `sys_operate_log` VALUES ('42550', 'admin', '125.97.241.22', '超级管理员', '/common/dictionary/manager', '2017-10-19 09:37:16');
INSERT INTO `sys_operate_log` VALUES ('42551', 'admin', '125.97.241.22', '超级管理员', '/common/dictionary/dataGrid', '2017-10-19 09:37:16');
INSERT INTO `sys_operate_log` VALUES ('42552', 'admin', '125.97.241.22', '超级管理员', '/resource/manager', '2017-10-19 09:37:18');
INSERT INTO `sys_operate_log` VALUES ('42553', 'admin', '125.97.241.22', '超级管理员', '/role/manager', '2017-10-19 09:37:20');
INSERT INTO `sys_operate_log` VALUES ('42554', 'admin', '125.97.241.22', '超级管理员', '/role/dataGrid', '2017-10-19 09:37:20');
INSERT INTO `sys_operate_log` VALUES ('42555', 'liyun', '125.97.241.22', '李云', '/weixin/callbackCart/manager', '2017-10-19 09:41:05');
INSERT INTO `sys_operate_log` VALUES ('42556', 'liyun', '125.97.241.22', '李云', '/weixin/callbackCart/dataGrid', '2017-10-19 09:41:05');
INSERT INTO `sys_operate_log` VALUES ('42557', 'liyun', '125.97.241.22', '李云', '/portalpay/tradeOrders/viewGoodsPage', '2017-10-19 09:41:09');
INSERT INTO `sys_operate_log` VALUES ('42558', 'liyun', '125.97.241.22', '李云', '/portalpay/tradeOrders/viewGoodsPage', '2017-10-19 09:41:11');
INSERT INTO `sys_operate_log` VALUES ('42559', 'liyun', '125.97.241.22', '李云', '/portalpay/tradeOrders/viewGoodsPage', '2017-10-19 09:41:14');
INSERT INTO `sys_operate_log` VALUES ('42560', 'liyun', '125.97.241.22', '李云', '/portalpay/tradeOrders/viewGoodsPage', '2017-10-19 09:41:16');
INSERT INTO `sys_operate_log` VALUES ('42561', 'liyun', '125.97.241.22', '李云', '/portalpay/tradeOrders/manager', '2017-10-19 09:41:26');
INSERT INTO `sys_operate_log` VALUES ('42562', 'liyun', '125.97.241.22', '李云', '/portalpay/tradeOrders/dataGrid', '2017-10-19 09:41:26');
INSERT INTO `sys_operate_log` VALUES ('42563', 'liyun', '125.97.241.22', '李云', '/portalpay/tradeOrders/addPage', '2017-10-19 09:41:27');
INSERT INTO `sys_operate_log` VALUES ('42564', 'liyun', '125.97.241.22', '李云', '/weixin/callbackCart/manager', '2017-10-19 09:41:37');
INSERT INTO `sys_operate_log` VALUES ('42565', 'liyun', '125.97.241.22', '李云', '/weixin/callbackCart/dataGrid', '2017-10-19 09:41:37');
INSERT INTO `sys_operate_log` VALUES ('42566', 'liyun', '125.97.241.22', '李云', '/portalpay/tradeOrders/add', '2017-10-19 09:43:32');
INSERT INTO `sys_operate_log` VALUES ('42567', 'liyun', '125.97.241.22', '李云', '/portalpay/tradeOrders/dataGrid', '2017-10-19 09:43:32');
INSERT INTO `sys_operate_log` VALUES ('42568', 'liyun', '125.97.241.22', '李云', '/portalpay/tradeGoods/manager', '2017-10-19 09:43:36');
INSERT INTO `sys_operate_log` VALUES ('42569', 'liyun', '125.97.241.22', '李云', '/portalpay/tradeGoods/dataGrid', '2017-10-19 09:43:36');
INSERT INTO `sys_operate_log` VALUES ('42570', 'liyun', '125.97.241.22', '李云', '/portalpay/tradeGoods/addPage', '2017-10-19 09:43:38');
INSERT INTO `sys_operate_log` VALUES ('42571', 'liyun', '125.97.241.22', '李云', '/portalpay/tradeGoods/manager', '2017-10-19 09:43:55');
INSERT INTO `sys_operate_log` VALUES ('42572', 'liyun', '125.97.241.22', '李云', '/portalpay/tradeGoods/dataGrid', '2017-10-19 09:43:55');
INSERT INTO `sys_operate_log` VALUES ('42573', 'liyun', '125.97.241.22', '李云', '/portalpay/tradeGoods/dataGrid', '2017-10-19 09:46:04');
INSERT INTO `sys_operate_log` VALUES ('42574', 'liyun', '125.97.241.22', '李云', '/portalpay/tradeGoods/add', '2017-10-19 09:46:56');
INSERT INTO `sys_operate_log` VALUES ('42575', 'liyun', '125.97.241.22', '李云', '/portalpay/tradeGoods/dataGrid', '2017-10-19 09:46:56');
INSERT INTO `sys_operate_log` VALUES ('42576', 'liyun', '125.97.241.22', '李云', '/portalpay/tradeOrders/viewGoodsPage', '2017-10-19 09:47:04');
INSERT INTO `sys_operate_log` VALUES ('42577', 'liyun', '125.97.241.22', '李云', '/portalpay/tradeOrders/viewGoodsPage', '2017-10-19 09:47:08');
INSERT INTO `sys_operate_log` VALUES ('42578', 'liyun', '125.97.241.22', '李云', '/portalpay/tradeOrders/viewGoodsPage', '2017-10-19 09:47:10');
INSERT INTO `sys_operate_log` VALUES ('42579', 'liyun', '125.97.241.22', '李云', '/portalpay/tradeOrders/addPage', '2017-10-19 09:47:24');
INSERT INTO `sys_operate_log` VALUES ('42580', 'liyun', '125.97.241.22', '李云', '/portalpay/tradeOrders/add', '2017-10-19 09:48:27');
INSERT INTO `sys_operate_log` VALUES ('42581', 'liyun', '125.97.241.22', '李云', '/portalpay/tradeOrders/dataGrid', '2017-10-19 09:48:27');
INSERT INTO `sys_operate_log` VALUES ('42582', 'liyun', '125.97.241.22', '李云', '/portalpay/tradeGoods/addPage', '2017-10-19 09:48:35');
INSERT INTO `sys_operate_log` VALUES ('42583', 'liyun', '125.97.241.22', '李云', '/portalpay/tradeGoods/dataGrid', '2017-10-19 09:48:47');
INSERT INTO `sys_operate_log` VALUES ('42584', 'liyun', '125.97.241.22', '李云', '/portalpay/tradeGoods/dataGrid', '2017-10-19 09:49:41');
INSERT INTO `sys_operate_log` VALUES ('42585', 'liyun', '125.97.241.22', '李云', '/portalpay/tradeOrders/manager', '2017-10-19 09:50:50');
INSERT INTO `sys_operate_log` VALUES ('42586', 'liyun', '125.97.241.22', '李云', '/portalpay/tradeOrders/dataGrid', '2017-10-19 09:50:50');
INSERT INTO `sys_operate_log` VALUES ('42587', 'liyun', '125.97.241.22', '李云', '/portalpay/tradeOrders/dataGrid', '2017-10-19 09:50:57');
INSERT INTO `sys_operate_log` VALUES ('42588', 'liyun', '125.97.241.22', '李云', '/portalpay/tradeOrders/dataGrid', '2017-10-19 09:51:08');
INSERT INTO `sys_operate_log` VALUES ('42589', 'liyun', '125.97.241.22', '李云', '/portalpay/tradeOrders/dataGrid', '2017-10-19 09:51:09');
INSERT INTO `sys_operate_log` VALUES ('42590', 'liyun', '125.97.241.22', '李云', '/portalpay/tradeOrders/dataGrid', '2017-10-19 09:51:10');
INSERT INTO `sys_operate_log` VALUES ('42591', 'liyun', '125.97.241.22', '李云', '/portalpay/tradeOrders/dataGrid', '2017-10-19 09:51:26');
INSERT INTO `sys_operate_log` VALUES ('42592', 'liyun', '125.97.241.22', '李云', '/portalpay/tradeOrders/viewGoodsPage', '2017-10-19 09:51:34');
INSERT INTO `sys_operate_log` VALUES ('42593', 'admin', '125.97.241.22', '超级管理员', '/portalpay/tradeOrders/dataGrid', '2017-10-19 09:53:26');
INSERT INTO `sys_operate_log` VALUES ('42594', 'admin', '125.97.241.22', '超级管理员', '/portalpay/tradeGoods/manager', '2017-10-19 09:53:32');
INSERT INTO `sys_operate_log` VALUES ('42595', 'admin', '125.97.241.22', '超级管理员', '/portalpay/tradeGoods/dataGrid', '2017-10-19 09:53:32');
INSERT INTO `sys_operate_log` VALUES ('42596', 'admin', '125.97.241.22', '超级管理员', '/portalpay/tradeGoods/dataGrid', '2017-10-19 09:53:35');
INSERT INTO `sys_operate_log` VALUES ('42597', 'liyun', '125.97.241.22', '李云', '/portalpay/tradeGoods/dataGrid', '2017-10-19 09:53:54');
INSERT INTO `sys_operate_log` VALUES ('42598', 'liyun', '125.97.241.22', '李云', '/portalpay/tradeGoods/dataGrid', '2017-10-19 09:54:27');
INSERT INTO `sys_operate_log` VALUES ('42599', 'liyun', '125.97.241.22', '李云', '/portalpay/tradeGoods/dataGrid', '2017-10-19 09:54:55');
INSERT INTO `sys_operate_log` VALUES ('42600', 'liyun', '125.97.241.22', '李云', '/portalpay/tradeOrders/addPage', '2017-10-19 09:55:15');
INSERT INTO `sys_operate_log` VALUES ('42601', 'liyun', '125.97.241.22', '李云', '/portalpay/tradeGoods/addPage', '2017-10-19 09:55:19');
INSERT INTO `sys_operate_log` VALUES ('42602', 'liyun', '125.97.241.22', '李云', '/portalpay/tradeOrders/viewGoodsPage', '2017-10-19 09:55:29');
INSERT INTO `sys_operate_log` VALUES ('42603', 'liyun', '125.97.241.22', '李云', '/portalpay/tradeGoods/dataGrid', '2017-10-19 09:56:06');
INSERT INTO `sys_operate_log` VALUES ('42604', 'liyun', '125.97.241.22', '李云', '/portalpay/tradeGoods/add', '2017-10-19 09:56:41');
INSERT INTO `sys_operate_log` VALUES ('42605', 'liyun', '125.97.241.22', '李云', '/portalpay/tradeGoods/dataGrid', '2017-10-19 09:56:41');
INSERT INTO `sys_operate_log` VALUES ('42606', 'liyun', '125.97.241.22', '李云', '/portalpay/tradeOrders/viewGoodsPage', '2017-10-19 09:56:47');
INSERT INTO `sys_operate_log` VALUES ('42607', 'liyun', '125.97.241.22', '李云', '/portalpay/tradeOrders/viewGoodsPage', '2017-10-19 09:56:53');
INSERT INTO `sys_operate_log` VALUES ('42608', 'liyun', '125.97.241.22', '李云', '/portalpay/tradeOrders/addPage', '2017-10-19 09:58:11');
INSERT INTO `sys_operate_log` VALUES ('42609', 'liyun', '125.97.241.22', '李云', '/portalpay/tradeOrders/add', '2017-10-19 09:59:55');
INSERT INTO `sys_operate_log` VALUES ('42610', 'liyun', '125.97.241.22', '李云', '/portalpay/tradeOrders/dataGrid', '2017-10-19 09:59:55');
INSERT INTO `sys_operate_log` VALUES ('42611', 'liyun', '125.97.241.22', '李云', '/portalpay/tradeGoods/addPage', '2017-10-19 10:00:09');
INSERT INTO `sys_operate_log` VALUES ('42612', 'liyun', '125.97.241.22', '李云', '/portalpay/tradeGoods/dataGrid', '2017-10-19 10:00:20');
INSERT INTO `sys_operate_log` VALUES ('42613', 'liyun', '125.97.241.22', '李云', '/portalpay/tradeGoods/add', '2017-10-19 10:08:20');
INSERT INTO `sys_operate_log` VALUES ('42614', 'liyun', '125.97.241.22', '李云', '/portalpay/tradeGoods/dataGrid', '2017-10-19 10:08:20');
INSERT INTO `sys_operate_log` VALUES ('42615', 'liyun', '125.97.241.22', '李云', '/portalpay/tradeOrders/viewGoodsPage', '2017-10-19 10:08:29');
INSERT INTO `sys_operate_log` VALUES ('42616', 'liyun', '125.97.241.22', '李云', '/portalpay/tradeOrders/viewGoodsPage', '2017-10-19 10:08:35');
INSERT INTO `sys_operate_log` VALUES ('42617', 'liyun', '125.97.241.22', '李云', '/portalpay/tradeOrders/viewGoodsPage', '2017-10-19 10:08:38');
INSERT INTO `sys_operate_log` VALUES ('42618', 'liyun', '125.97.241.22', '李云', '/portalpay/tradeOrders/viewGoodsPage', '2017-10-19 10:08:41');
INSERT INTO `sys_operate_log` VALUES ('42619', 'liyun', '125.97.241.22', '李云', '/portalpay/tradeOrders/viewGoodsPage', '2017-10-19 10:08:44');
INSERT INTO `sys_operate_log` VALUES ('42620', 'liyun', '125.97.241.22', '李云', '/portalpay/tradeOrders/addPage', '2017-10-19 10:08:56');
INSERT INTO `sys_operate_log` VALUES ('42621', 'liyun', '125.97.241.22', '李云', '/portalpay/tradeOrders/add', '2017-10-19 10:10:48');
INSERT INTO `sys_operate_log` VALUES ('42622', 'liyun', '125.97.241.22', '李云', '/portalpay/tradeOrders/dataGrid', '2017-10-19 10:10:49');
INSERT INTO `sys_operate_log` VALUES ('42623', 'liyun', '125.97.241.22', '李云', '/portalpay/tradeGoods/addPage', '2017-10-19 10:10:55');
INSERT INTO `sys_operate_log` VALUES ('42624', 'admin', '125.97.241.22', '超级管理员', '/portalpay/tradeOrders/dataGrid', '2017-10-19 10:14:16');
INSERT INTO `sys_operate_log` VALUES ('42625', 'admin', '125.97.241.22', '超级管理员', '/portalpay/tradeOrders/viewGoodsPage', '2017-10-19 10:14:24');
INSERT INTO `sys_operate_log` VALUES ('42626', 'admin', '125.97.241.22', '超级管理员', '/portalpay/tradeOrders/viewGoodsPage', '2017-10-19 10:14:27');
INSERT INTO `sys_operate_log` VALUES ('42627', 'admin', '125.97.241.22', '超级管理员', '/portalpay/tradeOrders/editPage', '2017-10-19 10:14:29');
INSERT INTO `sys_operate_log` VALUES ('42628', 'liyun', '125.97.241.22', '李云', '/portalpay/tradeGoods/addPage', '2017-10-19 10:14:43');
INSERT INTO `sys_operate_log` VALUES ('42629', 'liyun', '125.97.241.22', '李云', '/portalpay/tradeGoods/dataGrid', '2017-10-19 10:15:02');
INSERT INTO `sys_operate_log` VALUES ('42630', 'liyun', '125.97.241.22', '李云', '/portalpay/tradeGoods/add', '2017-10-19 10:15:35');
INSERT INTO `sys_operate_log` VALUES ('42631', 'liyun', '125.97.241.22', '李云', '/portalpay/tradeGoods/dataGrid', '2017-10-19 10:15:35');
INSERT INTO `sys_operate_log` VALUES ('42632', 'lsw', '121.69.129.58', '林丝雯', '/boc/tradeOrdersSeatBoc/manager', '2017-10-19 10:15:58');
INSERT INTO `sys_operate_log` VALUES ('42633', 'lsw', '121.69.129.58', '林丝雯', '/boc/tradeOrdersSeatBoc/dataGrid', '2017-10-19 10:15:59');
INSERT INTO `sys_operate_log` VALUES ('42634', 'liyun', '125.97.241.22', '李云', '/portalpay/tradeOrders/viewGoodsPage', '2017-10-19 10:16:01');
INSERT INTO `sys_operate_log` VALUES ('42635', 'liyun', '125.97.241.22', '李云', '/portalpay/tradeOrders/viewGoodsPage', '2017-10-19 10:16:04');
INSERT INTO `sys_operate_log` VALUES ('42636', 'liyun', '125.97.241.22', '李云', '/portalpay/tradeOrders/viewGoodsPage', '2017-10-19 10:16:07');
INSERT INTO `sys_operate_log` VALUES ('42637', 'liyun', '125.97.241.22', '李云', '/portalpay/tradeOrders/viewGoodsPage', '2017-10-19 10:16:09');
INSERT INTO `sys_operate_log` VALUES ('42638', 'liyun', '125.97.241.22', '李云', '/portalpay/tradeOrders/viewGoodsPage', '2017-10-19 10:16:14');
INSERT INTO `sys_operate_log` VALUES ('42639', 'lsw', '121.69.129.58', '林丝雯', '/boc/tradeOrdersSeatBoc/matchSeatOrder', '2017-10-19 10:16:38');
INSERT INTO `sys_operate_log` VALUES ('42640', 'lsw', '121.69.129.58', '林丝雯', '/boc/tradeOrdersSeatBoc/getPayinfo', '2017-10-19 10:16:49');
INSERT INTO `sys_operate_log` VALUES ('42641', 'lsw', '121.69.129.58', '林丝雯', '/boc/tradeOrdersSeatBoc/matchSeatOrder', '2017-10-19 10:16:53');
INSERT INTO `sys_operate_log` VALUES ('42642', 'lsw', '121.69.129.58', '林丝雯', '/boc/tradeOrdersSeatBoc/getPayinfo', '2017-10-19 10:17:03');
INSERT INTO `sys_operate_log` VALUES ('42643', 'liyun', '125.97.241.22', '李云', '/portalpay/tradeOrders/viewGoodsPage', '2017-10-19 10:18:36');
INSERT INTO `sys_operate_log` VALUES ('42644', 'liyun', '125.97.241.22', '李云', '/portalpay/tradeOrders/viewGoodsPage', '2017-10-19 10:18:39');
INSERT INTO `sys_operate_log` VALUES ('42645', 'liyun', '125.97.241.22', '李云', '/portalpay/tradeOrders/viewGoodsPage', '2017-10-19 10:24:56');
INSERT INTO `sys_operate_log` VALUES ('42646', 'liyun', '125.97.241.22', '李云', '/portalpay/tradeOrders/viewGoodsPage', '2017-10-19 10:25:00');
INSERT INTO `sys_operate_log` VALUES ('42647', 'liyun', '125.97.241.22', '李云', '/portalpay/tradeOrders/viewGoodsPage', '2017-10-19 10:25:06');
INSERT INTO `sys_operate_log` VALUES ('42648', 'liyun', '125.97.241.22', '李云', '/portalpay/tradeOrders/addPage', '2017-10-19 10:25:32');
INSERT INTO `sys_operate_log` VALUES ('42649', 'liyun', '125.97.241.22', '李云', '/portalpay/tradeOrders/add', '2017-10-19 10:26:15');
INSERT INTO `sys_operate_log` VALUES ('42650', 'liyun', '125.97.241.22', '李云', '/portalpay/tradeOrders/dataGrid', '2017-10-19 10:26:15');
INSERT INTO `sys_operate_log` VALUES ('42651', 'liyun', '125.97.241.22', '李云', '/portalpay/tradeGoods/addPage', '2017-10-19 10:26:25');
INSERT INTO `sys_operate_log` VALUES ('42652', 'lsw', '121.69.129.58', '林丝雯', '/boc/tradeOrdersSeatBoc/add', '2017-10-19 10:26:35');
INSERT INTO `sys_operate_log` VALUES ('42653', 'lsw', '121.69.129.58', '林丝雯', '/boc/tradeOrdersSeatBoc/dataGrid', '2017-10-19 10:26:35');
INSERT INTO `sys_operate_log` VALUES ('42654', 'lsw', '121.69.129.58', '林丝雯', '/boc/tradeOrdersSeatBoc/matchSeatOrder', '2017-10-19 10:26:39');
INSERT INTO `sys_operate_log` VALUES ('42655', 'lsw', '121.69.129.58', '林丝雯', '/boc/tradeOrdersSeatBoc/dataGrid', '2017-10-19 10:26:54');
INSERT INTO `sys_operate_log` VALUES ('42656', 'liyun', '125.97.241.22', '李云', '/portalpay/tradeGoods/add', '2017-10-19 10:27:10');
INSERT INTO `sys_operate_log` VALUES ('42657', 'liyun', '125.97.241.22', '李云', '/portalpay/tradeGoods/dataGrid', '2017-10-19 10:27:10');
INSERT INTO `sys_operate_log` VALUES ('42658', 'liyun', '125.97.241.22', '李云', '/portalpay/tradeOrders/viewGoodsPage', '2017-10-19 10:30:54');
INSERT INTO `sys_operate_log` VALUES ('42659', 'liyun', '125.97.241.22', '李云', '/portalpay/tradeOrders/addPage', '2017-10-19 10:31:05');
INSERT INTO `sys_operate_log` VALUES ('42660', 'liyun', '125.97.241.22', '李云', '/portalpay/tradeOrders/add', '2017-10-19 10:32:09');
INSERT INTO `sys_operate_log` VALUES ('42661', 'liyun', '125.97.241.22', '李云', '/portalpay/tradeOrders/dataGrid', '2017-10-19 10:32:09');
INSERT INTO `sys_operate_log` VALUES ('42662', 'liyun', '125.97.241.22', '李云', '/portalpay/tradeGoods/addPage', '2017-10-19 10:32:15');
INSERT INTO `sys_operate_log` VALUES ('42663', 'liyun', '125.97.241.22', '李云', '/portalpay/tradeGoods/dataGrid', '2017-10-19 10:32:31');
INSERT INTO `sys_operate_log` VALUES ('42664', 'liyun', '125.97.241.22', '李云', '/portalpay/tradeGoods/add', '2017-10-19 10:34:42');
INSERT INTO `sys_operate_log` VALUES ('42665', 'liyun', '125.97.241.22', '李云', '/portalpay/tradeGoods/dataGrid', '2017-10-19 10:34:42');
INSERT INTO `sys_operate_log` VALUES ('42666', 'liyun', '125.97.241.22', '李云', '/portalpay/tradeOrders/viewGoodsPage', '2017-10-19 10:35:17');
INSERT INTO `sys_operate_log` VALUES ('42667', 'liyun', '125.97.241.22', '李云', '/portalpay/tradeOrders/viewGoodsPage', '2017-10-19 10:35:22');
INSERT INTO `sys_operate_log` VALUES ('42668', 'liyun', '125.97.241.22', '李云', '/portalpay/tradeOrders/viewGoodsPage', '2017-10-19 10:36:11');
INSERT INTO `sys_operate_log` VALUES ('42669', 'liyun', '125.97.241.22', '李云', '/portalpay/tradeOrders/viewGoodsPage', '2017-10-19 10:36:21');
INSERT INTO `sys_operate_log` VALUES ('42670', 'liyun', '125.97.241.22', '李云', '/portalpay/tradeOrders/viewGoodsPage', '2017-10-19 10:37:58');
INSERT INTO `sys_operate_log` VALUES ('42671', 'liyun', '125.97.241.22', '李云', '/common/message/manager', '2017-10-19 10:41:11');
INSERT INTO `sys_operate_log` VALUES ('42672', 'liyun', '125.97.241.22', '李云', '/common/message/dataGrid', '2017-10-19 10:41:11');
INSERT INTO `sys_operate_log` VALUES ('42673', 'liyun', '125.97.241.22', '李云', '/common/message/sendMessPage', '2017-10-19 10:41:17');
INSERT INTO `sys_operate_log` VALUES ('42674', 'liyun', '125.97.241.22', '李云', '/common/message/sendMess', '2017-10-19 10:42:12');
INSERT INTO `sys_operate_log` VALUES ('42675', 'liyun', '125.97.241.22', '李云', '/common/message/dataGrid', '2017-10-19 10:42:12');
INSERT INTO `sys_operate_log` VALUES ('42676', 'liyun', '125.97.241.22', '李云', '/common/message/dataGrid', '2017-10-19 10:43:21');
INSERT INTO `sys_operate_log` VALUES ('42677', 'liyun', '125.97.241.22', '李云', '/common/message/sendMessPage', '2017-10-19 10:43:27');
INSERT INTO `sys_operate_log` VALUES ('42678', 'liyun', '125.97.241.22', '李云', '/common/message/sendMess', '2017-10-19 10:44:22');
INSERT INTO `sys_operate_log` VALUES ('42679', 'liyun', '125.97.241.22', '李云', '/common/message/dataGrid', '2017-10-19 10:44:22');
INSERT INTO `sys_operate_log` VALUES ('42680', 'liyun', '125.97.241.22', '李云', '/boc/tradeFeedback/manager', '2017-10-19 11:21:42');
INSERT INTO `sys_operate_log` VALUES ('42681', 'liyun', '125.97.241.22', '李云', '/boc/tradeFeedback/dataGrid', '2017-10-19 11:21:42');
INSERT INTO `sys_operate_log` VALUES ('42682', 'liyun', '125.97.241.22', '李云', '/boc/txtContentBoc/manager', '2017-10-19 11:21:44');
INSERT INTO `sys_operate_log` VALUES ('42683', 'liyun', '125.97.241.22', '李云', '/boc/txtContentBoc/dataGrid', '2017-10-19 11:21:45');
INSERT INTO `sys_operate_log` VALUES ('42684', 'liyun', '125.97.241.22', '李云', '/boc/txtContentBoc/dataGrid', '2017-10-19 11:22:36');
INSERT INTO `sys_operate_log` VALUES ('42685', 'liyun', '125.97.241.22', '李云', '/boc/txtContentBoc/dataGrid', '2017-10-19 11:22:37');
INSERT INTO `sys_operate_log` VALUES ('42686', 'liyun', '125.97.241.22', '李云', '/boc/txtContentBoc/dataGrid', '2017-10-19 11:22:51');
INSERT INTO `sys_operate_log` VALUES ('42687', 'liyun', '125.97.241.22', '李云', '/boc/txtContentBoc/export', '2017-10-19 11:22:52');
INSERT INTO `sys_operate_log` VALUES ('42688', 'liyun', '125.97.241.22', '李云', '/boc/txtContentBoc/dataGrid', '2017-10-19 11:22:58');
INSERT INTO `sys_operate_log` VALUES ('42689', 'liyun', '125.97.241.22', '李云', '/boc/txtContentBoc/dataGrid', '2017-10-19 11:23:06');
INSERT INTO `sys_operate_log` VALUES ('42690', 'liyun', '125.97.241.22', '李云', '/common/message/manager', '2017-10-19 17:36:12');
INSERT INTO `sys_operate_log` VALUES ('42691', 'liyun', '125.97.241.22', '李云', '/common/message/dataGrid', '2017-10-19 17:36:12');
INSERT INTO `sys_operate_log` VALUES ('42692', 'liyun', '125.97.241.22', '李云', '/common/message/sendMessPage', '2017-10-19 17:36:17');
INSERT INTO `sys_operate_log` VALUES ('42693', 'liyun', '125.97.241.22', '李云', '/common/message/sendMess', '2017-10-19 17:37:04');
INSERT INTO `sys_operate_log` VALUES ('42694', 'liyun', '125.97.241.22', '李云', '/common/message/dataGrid', '2017-10-19 17:37:04');
INSERT INTO `sys_operate_log` VALUES ('42695', 'lsw', '121.69.129.58', '林丝雯', '/boc/tradeOrdersSeatBoc/manager', '2017-10-20 09:31:28');
INSERT INTO `sys_operate_log` VALUES ('42696', 'lsw', '121.69.129.58', '林丝雯', '/boc/tradeOrdersSeatBoc/dataGrid', '2017-10-20 09:31:29');
INSERT INTO `sys_operate_log` VALUES ('42697', 'lsw', '121.69.129.58', '林丝雯', '/boc/tradeOrdersSeatBoc/matchSeatOrder', '2017-10-20 09:31:54');
INSERT INTO `sys_operate_log` VALUES ('42698', 'lsw', '121.69.129.58', '林丝雯', '/boc/tradeOrdersSeatBoc/matchSeatOrder', '2017-10-20 09:32:02');
INSERT INTO `sys_operate_log` VALUES ('42699', 'lsw', '121.69.129.58', '林丝雯', '/boc/tradeOrdersSeatBoc/getPayinfo', '2017-10-20 09:32:13');
INSERT INTO `sys_operate_log` VALUES ('42700', 'lsw', '121.69.129.58', '林丝雯', '/boc/tradeOrdersSeatBoc/matchSeatOrder', '2017-10-20 09:32:18');
INSERT INTO `sys_operate_log` VALUES ('42701', 'lsw', '121.69.129.58', '林丝雯', '/boc/tradeOrdersSeatBoc/getPayinfo', '2017-10-20 09:32:26');
INSERT INTO `sys_operate_log` VALUES ('42702', 'lsw', '121.69.129.58', '林丝雯', '/boc/tradeOrdersSeatBoc/export', '2017-10-20 09:32:30');
INSERT INTO `sys_operate_log` VALUES ('42703', 'lsw', '121.69.129.58', '林丝雯', '/boc/tradeOrdersSeatBoc/export', '2017-10-20 09:32:38');
INSERT INTO `sys_operate_log` VALUES ('42704', 'lsw', '121.69.129.58', '林丝雯', '/boc/tradeOrdersSeatBoc/matchSeatOrder', '2017-10-20 09:41:53');
INSERT INTO `sys_operate_log` VALUES ('42705', 'lsw', '121.69.129.58', '林丝雯', '/boc/tradeOrdersSeatBoc/export', '2017-10-20 09:41:59');
INSERT INTO `sys_operate_log` VALUES ('42706', 'lsw', '121.69.129.58', '林丝雯', '/boc/tradeOrdersSeatBoc/export', '2017-10-20 09:42:03');
INSERT INTO `sys_operate_log` VALUES ('42707', 'liyun', '124.126.88.110', '李云', '/weixin/callbackCart/manager', '2017-10-20 09:56:30');
INSERT INTO `sys_operate_log` VALUES ('42708', 'liyun', '124.126.88.110', '李云', '/weixin/callbackCart/dataGrid', '2017-10-20 09:56:30');
INSERT INTO `sys_operate_log` VALUES ('42709', 'liyun', '124.126.88.110', '李云', '/alipay/tradeOrdersZfb/manager', '2017-10-20 09:56:33');
INSERT INTO `sys_operate_log` VALUES ('42710', 'liyun', '124.126.88.110', '李云', '/alipay/tradeOrdersZfb/dataGrid', '2017-10-20 09:56:33');
INSERT INTO `sys_operate_log` VALUES ('42711', 'liyun', '124.126.88.110', '李云', '/portalpay/portalpayOrder/manager', '2017-10-20 09:56:36');
INSERT INTO `sys_operate_log` VALUES ('42712', 'liyun', '124.126.88.110', '李云', '/portalpay/portalpayOrder/dataGrid', '2017-10-20 09:56:36');
INSERT INTO `sys_operate_log` VALUES ('42713', 'qiaozhi', '125.97.241.22', '乔治', '/kaola/goodsInfo/manager', '2017-10-20 10:00:28');
INSERT INTO `sys_operate_log` VALUES ('42714', 'qiaozhi', '125.97.241.22', '乔治', '/kaola/goodsInfo/dataGrid', '2017-10-20 10:00:28');
INSERT INTO `sys_operate_log` VALUES ('42715', 'qiaozhi', '125.97.241.22', '乔治', '/common/dictionary/manager', '2017-10-20 10:00:31');
INSERT INTO `sys_operate_log` VALUES ('42716', 'qiaozhi', '125.97.241.22', '乔治', '/common/dictionary/dataGrid', '2017-10-20 10:00:31');
INSERT INTO `sys_operate_log` VALUES ('42717', 'qiaozhi', '125.97.241.22', '乔治', '/ledou/ledouOrder/manager', '2017-10-20 10:00:49');
INSERT INTO `sys_operate_log` VALUES ('42718', 'qiaozhi', '125.97.241.22', '乔治', '/ledou/ledouOrder/dataGrid', '2017-10-20 10:00:49');
INSERT INTO `sys_operate_log` VALUES ('42719', 'qiaozhi', '125.97.241.22', '乔治', '/portalpay/tradeOrders/manager', '2017-10-20 10:01:06');
INSERT INTO `sys_operate_log` VALUES ('42720', 'qiaozhi', '125.97.241.22', '乔治', '/portalpay/tradeOrders/dataGrid', '2017-10-20 10:01:06');
INSERT INTO `sys_operate_log` VALUES ('42721', 'qiaozhi', '125.97.241.22', '乔治', '/weixin/informationCart/manager', '2017-10-20 10:01:28');
INSERT INTO `sys_operate_log` VALUES ('42722', 'qiaozhi', '125.97.241.22', '乔治', '/weixin/informationCart/dataGrid', '2017-10-20 10:01:28');
INSERT INTO `sys_operate_log` VALUES ('42723', 'qiaozhi', '125.97.241.22', '乔治', '/weixin/callbackCart/manager', '2017-10-20 10:01:30');
INSERT INTO `sys_operate_log` VALUES ('42724', 'qiaozhi', '125.97.241.22', '乔治', '/weixin/callbackCart/dataGrid', '2017-10-20 10:01:30');
INSERT INTO `sys_operate_log` VALUES ('42725', 'lsw', '121.69.129.58', '林丝雯', '/boc/tradeOrdersSeatBoc/manager', '2017-10-20 15:44:01');
INSERT INTO `sys_operate_log` VALUES ('42726', 'lsw', '121.69.129.58', '林丝雯', '/boc/tradeOrdersSeatBoc/dataGrid', '2017-10-20 15:44:01');
INSERT INTO `sys_operate_log` VALUES ('42727', 'lsw', '121.69.129.58', '林丝雯', '/boc/tradeOrdersSeatBoc/dataGrid', '2017-10-20 15:44:10');
INSERT INTO `sys_operate_log` VALUES ('42728', 'liyun', '124.126.88.110', '李云', '/common/message/manager', '2017-10-20 17:16:28');
INSERT INTO `sys_operate_log` VALUES ('42729', 'liyun', '124.126.88.110', '李云', '/common/message/dataGrid', '2017-10-20 17:16:28');
INSERT INTO `sys_operate_log` VALUES ('42730', 'liyun', '124.126.88.110', '李云', '/common/message/sendMessPage', '2017-10-20 17:16:34');
INSERT INTO `sys_operate_log` VALUES ('42731', 'liyun', '124.126.88.110', '李云', '/common/message/sendMess', '2017-10-20 17:17:41');
INSERT INTO `sys_operate_log` VALUES ('42732', 'liyun', '124.126.88.110', '李云', '/common/message/dataGrid', '2017-10-20 17:17:41');
INSERT INTO `sys_operate_log` VALUES ('42733', 'liyun', '106.37.106.229', '李云', '/weixin/callbackCart/manager', '2017-10-22 18:32:00');
INSERT INTO `sys_operate_log` VALUES ('42734', 'liyun', '106.37.106.229', '李云', '/weixin/callbackCart/dataGrid', '2017-10-22 18:32:00');
INSERT INTO `sys_operate_log` VALUES ('42735', 'admin', '125.97.241.22', '超级管理员', '/boc/tradeOrdersCartBoc/manager', '2017-10-23 09:12:28');
INSERT INTO `sys_operate_log` VALUES ('42736', 'admin', '125.97.241.22', '超级管理员', '/boc/tradeOrdersCartBoc/dataGrid', '2017-10-23 09:12:28');
INSERT INTO `sys_operate_log` VALUES ('42737', 'admin', '125.97.241.22', '超级管理员', '/boc/tradeOrdersSeatBoc/manager', '2017-10-23 09:12:30');
INSERT INTO `sys_operate_log` VALUES ('42738', 'admin', '125.97.241.22', '超级管理员', '/boc/tradeOrdersSeatBoc/dataGrid', '2017-10-23 09:12:30');
INSERT INTO `sys_operate_log` VALUES ('42739', 'admin', '125.97.241.22', '超级管理员', '/portalpay/portalpayOrder/manager', '2017-10-23 09:12:36');
INSERT INTO `sys_operate_log` VALUES ('42740', 'admin', '125.97.241.22', '超级管理员', '/portalpay/portalpayOrder/dataGrid', '2017-10-23 09:12:36');
INSERT INTO `sys_operate_log` VALUES ('42741', 'admin', '125.97.241.22', '超级管理员', '/alipay/tradeOrdersZfb/manager', '2017-10-23 09:12:47');
INSERT INTO `sys_operate_log` VALUES ('42742', 'admin', '125.97.241.22', '超级管理员', '/alipay/tradeOrdersZfb/dataGrid', '2017-10-23 09:12:48');
INSERT INTO `sys_operate_log` VALUES ('42743', 'admin', '125.97.241.22', '超级管理员', '/alipay/tradeSeatorderZfb/manager', '2017-10-23 09:12:52');
INSERT INTO `sys_operate_log` VALUES ('42744', 'admin', '125.97.241.22', '超级管理员', '/alipay/tradeSeatorderZfb/dataGrid', '2017-10-23 09:12:52');
INSERT INTO `sys_operate_log` VALUES ('42745', 'admin', '125.97.241.22', '超级管理员', '/weixin/callbackCart/manager', '2017-10-23 09:12:58');
INSERT INTO `sys_operate_log` VALUES ('42746', 'admin', '125.97.241.22', '超级管理员', '/weixin/callbackCart/dataGrid', '2017-10-23 09:12:58');
INSERT INTO `sys_operate_log` VALUES ('42747', 'lsw', '121.69.129.58', '林丝雯', '/boc/tradeOrdersSeatBoc/manager', '2017-10-23 10:04:37');
INSERT INTO `sys_operate_log` VALUES ('42748', 'lsw', '121.69.129.58', '林丝雯', '/boc/tradeOrdersSeatBoc/dataGrid', '2017-10-23 10:04:42');
INSERT INTO `sys_operate_log` VALUES ('42749', 'lsw', '121.69.129.58', '林丝雯', '/boc/tradeOrdersSeatBoc/matchSeatOrder', '2017-10-23 10:05:16');
INSERT INTO `sys_operate_log` VALUES ('42750', 'lsw', '121.69.129.58', '林丝雯', '/boc/tradeOrdersSeatBoc/getPayinfo', '2017-10-23 10:05:26');
INSERT INTO `sys_operate_log` VALUES ('42751', 'lsw', '121.69.129.58', '林丝雯', '/boc/tradeOrdersSeatBoc/matchSeatOrder', '2017-10-23 10:05:53');
INSERT INTO `sys_operate_log` VALUES ('42752', 'lsw', '121.69.129.58', '林丝雯', '/boc/tradeOrdersSeatBoc/matchSeatOrder', '2017-10-23 10:06:09');
INSERT INTO `sys_operate_log` VALUES ('42753', 'lsw', '121.69.129.58', '林丝雯', '/boc/tradeOrdersSeatBoc/export', '2017-10-23 10:06:13');
INSERT INTO `sys_operate_log` VALUES ('42754', 'lsw', '121.69.129.58', '林丝雯', '/boc/tradeOrdersSeatBoc/matchSeatOrder', '2017-10-23 10:10:34');
INSERT INTO `sys_operate_log` VALUES ('42755', 'lsw', '121.69.129.58', '林丝雯', '/boc/tradeOrdersSeatBoc/matchSeatOrder', '2017-10-23 10:10:47');
INSERT INTO `sys_operate_log` VALUES ('42756', 'lsw', '121.69.129.58', '林丝雯', '/boc/tradeOrdersSeatBoc/matchSeatOrder', '2017-10-23 10:15:44');
INSERT INTO `sys_operate_log` VALUES ('42757', 'lsw', '121.69.129.58', '林丝雯', '/boc/tradeOrdersSeatBoc/getPayinfo', '2017-10-23 10:15:56');
INSERT INTO `sys_operate_log` VALUES ('42758', 'lsw', '121.69.129.58', '林丝雯', '/boc/tradeOrdersSeatBoc/matchSeatOrder', '2017-10-23 10:16:00');
INSERT INTO `sys_operate_log` VALUES ('42759', 'lsw', '121.69.129.58', '林丝雯', '/boc/tradeOrdersSeatBoc/getPayinfo', '2017-10-23 10:16:11');
INSERT INTO `sys_operate_log` VALUES ('42760', 'lsw', '121.69.129.58', '林丝雯', '/boc/tradeOrdersSeatBoc/matchSeatOrder', '2017-10-23 10:17:44');
INSERT INTO `sys_operate_log` VALUES ('42761', 'lsw', '121.69.129.58', '林丝雯', '/boc/tradeOrdersSeatBoc/getPayinfo', '2017-10-23 10:17:54');
INSERT INTO `sys_operate_log` VALUES ('42762', 'lsw', '121.69.129.58', '林丝雯', '/boc/tradeOrdersSeatBoc/matchSeatOrder', '2017-10-23 10:21:37');
INSERT INTO `sys_operate_log` VALUES ('42763', 'liyun', '106.37.106.229', '李云', '/weixin/callbackCart/manager', '2017-10-23 14:58:17');
INSERT INTO `sys_operate_log` VALUES ('42764', 'liyun', '106.37.106.229', '李云', '/weixin/callbackCart/dataGrid', '2017-10-23 14:58:18');
INSERT INTO `sys_operate_log` VALUES ('42765', 'liyun', '106.37.106.229', '李云', '/portalpay/portalpayOrder/manager', '2017-10-23 14:58:21');
INSERT INTO `sys_operate_log` VALUES ('42766', 'liyun', '106.37.106.229', '李云', '/portalpay/portalpayOrder/dataGrid', '2017-10-23 14:58:21');
INSERT INTO `sys_operate_log` VALUES ('42767', 'liyun', '106.37.106.229', '李云', '/common/message/manager', '2017-10-23 14:58:39');
INSERT INTO `sys_operate_log` VALUES ('42768', 'liyun', '106.37.106.229', '李云', '/common/message/dataGrid', '2017-10-23 14:58:39');
INSERT INTO `sys_operate_log` VALUES ('42769', 'liyun', '106.37.106.229', '李云', '/common/message/sendMessPage', '2017-10-23 14:58:42');
INSERT INTO `sys_operate_log` VALUES ('42770', 'liyun', '106.37.106.229', '李云', '/common/message/manager', '2017-10-23 14:59:01');
INSERT INTO `sys_operate_log` VALUES ('42771', 'liyun', '106.37.106.229', '李云', '/common/message/dataGrid', '2017-10-23 14:59:01');
INSERT INTO `sys_operate_log` VALUES ('42772', 'liyun', '106.37.106.229', '李云', '/common/message/sendMess', '2017-10-23 14:59:18');
INSERT INTO `sys_operate_log` VALUES ('42773', 'liyun', '106.37.106.229', '李云', '/common/message/dataGrid', '2017-10-23 14:59:18');
INSERT INTO `sys_operate_log` VALUES ('42774', 'liyun', '106.37.106.229', '李云', '/common/message/sendMessPage', '2017-10-23 14:59:24');
INSERT INTO `sys_operate_log` VALUES ('42775', 'liyun', '106.37.106.229', '李云', '/common/message/sendMess', '2017-10-23 15:00:55');
INSERT INTO `sys_operate_log` VALUES ('42776', 'liyun', '106.37.106.229', '李云', '/common/message/dataGrid', '2017-10-23 15:00:55');
INSERT INTO `sys_operate_log` VALUES ('42777', 'liyun', '122.14.61.20', '李云', '/weixin/callbackCart/manager', '2017-10-24 09:08:10');
INSERT INTO `sys_operate_log` VALUES ('42778', 'liyun', '122.14.61.20', '李云', '/weixin/callbackCart/dataGrid', '2017-10-24 09:08:10');
INSERT INTO `sys_operate_log` VALUES ('42779', 'liyun', '122.14.61.20', '李云', '/portalpay/tradeOrders/viewGoodsPage', '2017-10-24 09:08:17');
INSERT INTO `sys_operate_log` VALUES ('42780', 'liyun', '122.14.61.20', '李云', '/portalpay/tradeOrders/viewGoodsPage', '2017-10-24 09:08:29');
INSERT INTO `sys_operate_log` VALUES ('42781', 'liyun', '122.14.61.20', '李云', '/portalpay/tradeOrders/viewGoodsPage', '2017-10-24 09:08:32');
INSERT INTO `sys_operate_log` VALUES ('42782', 'admin', '122.14.61.20', '超级管理员', '/weixin/callbackCart/manager', '2017-10-24 09:09:21');
INSERT INTO `sys_operate_log` VALUES ('42783', 'admin', '122.14.61.20', '超级管理员', '/weixin/callbackCart/dataGrid', '2017-10-24 09:09:21');
INSERT INTO `sys_operate_log` VALUES ('42784', 'admin', '122.14.61.20', '超级管理员', '/portalpay/tradeOrdersSup/manager', '2017-10-24 09:09:26');
INSERT INTO `sys_operate_log` VALUES ('42785', 'admin', '122.14.61.20', '超级管理员', '/portalpay/tradeOrdersSup/dataGrid', '2017-10-24 09:09:26');
INSERT INTO `sys_operate_log` VALUES ('42786', 'admin', '122.14.61.20', '超级管理员', '/portalpay/tradeOrders/manager', '2017-10-24 09:09:26');
INSERT INTO `sys_operate_log` VALUES ('42787', 'admin', '122.14.61.20', '超级管理员', '/portalpay/tradeOrders/dataGrid', '2017-10-24 09:09:27');
INSERT INTO `sys_operate_log` VALUES ('42788', 'admin', '122.14.61.20', '超级管理员', '/portalpay/tradeOrders/dataGrid', '2017-10-24 09:13:07');
INSERT INTO `sys_operate_log` VALUES ('42789', 'admin', '122.14.61.20', '超级管理员', '/portalpay/tradeOrders/viewGoodsPage', '2017-10-24 09:13:11');
INSERT INTO `sys_operate_log` VALUES ('42790', 'liyun', '122.14.61.20', '李云', '/portalpay/tradeGoods/manager', '2017-10-24 09:14:14');
INSERT INTO `sys_operate_log` VALUES ('42791', 'liyun', '122.14.61.20', '李云', '/portalpay/tradeGoods/dataGrid', '2017-10-24 09:14:14');
INSERT INTO `sys_operate_log` VALUES ('42792', 'liyun', '122.14.61.20', '李云', '/portalpay/tradeOrders/viewGoodsPage', '2017-10-24 09:14:24');
INSERT INTO `sys_operate_log` VALUES ('42793', 'liyun', '122.14.61.20', '李云', '/portalpay/tradeGoods/dataGrid', '2017-10-24 09:14:34');
INSERT INTO `sys_operate_log` VALUES ('42794', 'liyun', '122.14.61.20', '李云', '/portalpay/tradeOrders/viewGoodsPage', '2017-10-24 09:14:41');
INSERT INTO `sys_operate_log` VALUES ('42795', 'liyun', '122.14.61.20', '李云', '/portalpay/tradeOrders/viewGoodsPage', '2017-10-24 09:15:33');
INSERT INTO `sys_operate_log` VALUES ('42796', 'liyun', '122.14.61.20', '李云', '/portalpay/tradeOrders/viewGoodsPage', '2017-10-24 09:15:36');
INSERT INTO `sys_operate_log` VALUES ('42797', 'liyun', '122.14.61.20', '李云', '/portalpay/tradeOrders/viewGoodsPage', '2017-10-24 09:15:41');
INSERT INTO `sys_operate_log` VALUES ('42798', 'liyun', '122.14.61.20', '李云', '/portalpay/tradeOrders/viewGoodsPage', '2017-10-24 09:15:45');
INSERT INTO `sys_operate_log` VALUES ('42799', 'liyun', '122.14.61.20', '李云', '/portalpay/tradeOrders/viewGoodsPage', '2017-10-24 09:15:49');
INSERT INTO `sys_operate_log` VALUES ('42800', 'liyun', '122.14.61.20', '李云', '/portalpay/tradeOrders/viewGoodsPage', '2017-10-24 09:15:53');
INSERT INTO `sys_operate_log` VALUES ('42801', 'admin', '122.14.61.20', '超级管理员', '/portalpay/tradeOrders/viewGoodsPage', '2017-10-24 09:16:22');
INSERT INTO `sys_operate_log` VALUES ('42802', 'admin', '122.14.61.20', '超级管理员', '/weixin/refund/manager', '2017-10-24 09:19:27');
INSERT INTO `sys_operate_log` VALUES ('42803', 'admin', '122.14.61.20', '超级管理员', '/weixin/refund/dataGrid', '2017-10-24 09:19:27');
INSERT INTO `sys_operate_log` VALUES ('42804', 'lsw', '121.69.129.58', '林丝雯', '/boc/tradeOrdersSeatBoc/manager', '2017-10-24 16:37:52');
INSERT INTO `sys_operate_log` VALUES ('42805', 'lsw', '121.69.129.58', '林丝雯', '/boc/tradeOrdersSeatBoc/dataGrid', '2017-10-24 16:37:53');
INSERT INTO `sys_operate_log` VALUES ('42806', 'lsw', '121.69.129.58', '林丝雯', '/boc/tradeOrdersSeatBoc/matchSeatOrder', '2017-10-24 16:38:17');
INSERT INTO `sys_operate_log` VALUES ('42807', 'lsw', '121.69.129.58', '林丝雯', '/boc/tradeOrdersSeatBoc/matchSeatOrder', '2017-10-24 16:40:38');
INSERT INTO `sys_operate_log` VALUES ('42808', 'lsw', '121.69.129.58', '林丝雯', '/boc/tradeOrdersSeatBoc/matchSeatOrder', '2017-10-24 16:40:45');
INSERT INTO `sys_operate_log` VALUES ('42809', 'admin', '122.14.61.20', '超级管理员', '/portalpay/tradeOrders/manager', '2017-10-25 08:45:50');
INSERT INTO `sys_operate_log` VALUES ('42810', 'admin', '122.14.61.20', '超级管理员', '/portalpay/tradeOrders/dataGrid', '2017-10-25 08:45:50');
INSERT INTO `sys_operate_log` VALUES ('42811', 'admin', '122.14.61.20', '超级管理员', '/common/recharge/manager', '2017-10-25 08:46:16');
INSERT INTO `sys_operate_log` VALUES ('42812', 'admin', '122.14.61.20', '超级管理员', '/common/recharge/dataGrid', '2017-10-25 08:46:16');
INSERT INTO `sys_operate_log` VALUES ('42813', 'admin', '122.14.61.20', '超级管理员', '/ledou/ledouOrder/manager', '2017-10-25 09:19:36');
INSERT INTO `sys_operate_log` VALUES ('42814', 'admin', '122.14.61.20', '超级管理员', '/ledou/ledouOrder/dataGrid', '2017-10-25 09:19:37');
INSERT INTO `sys_operate_log` VALUES ('42815', 'lsw', '121.69.129.58', '林丝雯', '/boc/tradeOrdersSeatBoc/manager', '2017-10-25 09:44:47');
INSERT INTO `sys_operate_log` VALUES ('42816', 'lsw', '121.69.129.58', '林丝雯', '/boc/tradeOrdersSeatBoc/dataGrid', '2017-10-25 09:44:48');
INSERT INTO `sys_operate_log` VALUES ('42817', 'lsw', '121.69.129.58', '林丝雯', '/boc/tradeOrdersSeatBoc/matchSeatOrder', '2017-10-25 09:45:04');
INSERT INTO `sys_operate_log` VALUES ('42818', 'lsw', '121.69.129.58', '林丝雯', '/boc/tradeOrdersSeatBoc/export', '2017-10-25 09:45:07');
INSERT INTO `sys_operate_log` VALUES ('42819', 'liyun', '122.14.61.20', '李云', '/weixin/informationCart/manager', '2017-10-25 09:46:12');
INSERT INTO `sys_operate_log` VALUES ('42820', 'liyun', '122.14.61.20', '李云', '/weixin/informationCart/dataGrid', '2017-10-25 09:46:12');
INSERT INTO `sys_operate_log` VALUES ('42821', 'liyun', '122.14.61.20', '李云', '/weixin/callbackCart/manager', '2017-10-25 09:46:12');
INSERT INTO `sys_operate_log` VALUES ('42822', 'liyun', '122.14.61.20', '李云', '/weixin/callbackCart/dataGrid', '2017-10-25 09:46:13');
INSERT INTO `sys_operate_log` VALUES ('42823', 'liyun', '122.14.61.20', '李云', '/portalpay/tradeOrders/viewGoodsPage', '2017-10-25 09:46:20');
INSERT INTO `sys_operate_log` VALUES ('42824', 'liyun', '122.14.61.20', '李云', '/portalpay/portalpayOrder/manager', '2017-10-25 09:46:27');
INSERT INTO `sys_operate_log` VALUES ('42825', 'liyun', '122.14.61.20', '李云', '/portalpay/portalpayOrder/dataGrid', '2017-10-25 09:46:27');
INSERT INTO `sys_operate_log` VALUES ('42826', 'liyun', '122.14.61.20', '李云', '/alipay/tradeOrdersZfb/manager', '2017-10-25 09:46:32');
INSERT INTO `sys_operate_log` VALUES ('42827', 'liyun', '122.14.61.20', '李云', '/alipay/tradeOrdersZfb/dataGrid', '2017-10-25 09:46:32');
INSERT INTO `sys_operate_log` VALUES ('42828', 'lsw', '121.69.129.58', '林丝雯', '/boc/tradeOrdersSeatBoc/manager', '2017-10-25 10:54:07');
INSERT INTO `sys_operate_log` VALUES ('42829', 'lsw', '121.69.129.58', '林丝雯', '/boc/tradeOrdersSeatBoc/dataGrid', '2017-10-25 10:54:08');
INSERT INTO `sys_operate_log` VALUES ('42830', 'lsw', '121.69.129.58', '林丝雯', '/boc/tradeOrdersSeatBoc/dataGrid', '2017-10-25 10:54:17');
INSERT INTO `sys_operate_log` VALUES ('42831', 'lsw', '121.69.129.58', '林丝雯', '/boc/txtUploadBoc/manager', '2017-10-25 10:54:24');
INSERT INTO `sys_operate_log` VALUES ('42832', 'lsw', '121.69.129.58', '林丝雯', '/boc/txtUploadBoc/dataGrid', '2017-10-25 10:54:24');
INSERT INTO `sys_operate_log` VALUES ('42833', 'lsw', '121.69.129.58', '林丝雯', '/boc/txtContentBoc/manager', '2017-10-25 10:54:42');
INSERT INTO `sys_operate_log` VALUES ('42834', 'lsw', '121.69.129.58', '林丝雯', '/boc/txtContentBoc/dataGrid', '2017-10-25 10:54:43');
INSERT INTO `sys_operate_log` VALUES ('42835', 'lsw', '121.69.129.58', '林丝雯', '/boc/tradeFeedback/manager', '2017-10-25 10:54:43');
INSERT INTO `sys_operate_log` VALUES ('42836', 'lsw', '121.69.129.58', '林丝雯', '/boc/tradeFeedback/dataGrid', '2017-10-25 10:54:43');
INSERT INTO `sys_operate_log` VALUES ('42837', 'lsw', '121.69.129.58', '林丝雯', '/boc/tradeFeedback/dataGrid', '2017-10-25 10:54:50');
INSERT INTO `sys_operate_log` VALUES ('42838', 'lsw', '121.69.129.58', '林丝雯', '/boc/tradeOrdersSeatBoc/dataGrid', '2017-10-25 10:55:53');
INSERT INTO `sys_operate_log` VALUES ('42839', 'lsw', '121.69.129.58', '林丝雯', '/boc/tradeOrdersSeatBoc/dataGrid', '2017-10-25 10:56:11');
INSERT INTO `sys_operate_log` VALUES ('42840', 'lsw', '121.69.129.58', '林丝雯', '/boc/tradeOrdersSeatBoc/manager', '2017-10-25 14:20:15');
INSERT INTO `sys_operate_log` VALUES ('42841', 'lsw', '121.69.129.58', '林丝雯', '/boc/tradeOrdersSeatBoc/dataGrid', '2017-10-25 14:20:15');
INSERT INTO `sys_operate_log` VALUES ('42842', 'lsw', '121.69.129.58', '林丝雯', '/boc/tradeOrdersSeatBoc/matchSeatOrder', '2017-10-25 14:20:29');
INSERT INTO `sys_operate_log` VALUES ('42843', 'lsw', '121.69.129.58', '林丝雯', '/boc/tradeOrdersSeatBoc/export', '2017-10-25 14:20:33');
INSERT INTO `sys_operate_log` VALUES ('42844', 'lsw', '121.69.129.58', '林丝雯', '/boc/tradeOrdersSeatBoc/export', '2017-10-25 14:20:39');
INSERT INTO `sys_operate_log` VALUES ('42845', 'liyun', '122.14.61.20', '李云', '/weixin/callbackCart/manager', '2017-10-25 14:37:00');
INSERT INTO `sys_operate_log` VALUES ('42846', 'liyun', '122.14.61.20', '李云', '/weixin/callbackCart/dataGrid', '2017-10-25 14:37:01');
INSERT INTO `sys_operate_log` VALUES ('42847', 'liyun', '122.14.61.20', '李云', '/portalpay/tradeOrders/viewGoodsPage', '2017-10-25 14:39:16');
INSERT INTO `sys_operate_log` VALUES ('42848', 'liyun', '122.14.61.20', '李云', '/portalpay/tradeOrders/viewGoodsPage', '2017-10-25 14:39:19');
INSERT INTO `sys_operate_log` VALUES ('42849', 'liyun', '122.14.61.20', '李云', '/common/message/manager', '2017-10-25 14:40:14');
INSERT INTO `sys_operate_log` VALUES ('42850', 'liyun', '122.14.61.20', '李云', '/common/message/dataGrid', '2017-10-25 14:40:14');
INSERT INTO `sys_operate_log` VALUES ('42851', 'liyun', '122.14.61.20', '李云', '/common/message/sendMessPage', '2017-10-25 14:40:15');
INSERT INTO `sys_operate_log` VALUES ('42852', 'liyun', '122.14.61.20', '李云', '/common/message/manager', '2017-10-25 14:40:39');
INSERT INTO `sys_operate_log` VALUES ('42853', 'liyun', '122.14.61.20', '李云', '/common/message/dataGrid', '2017-10-25 14:40:40');
INSERT INTO `sys_operate_log` VALUES ('42854', 'liyun', '122.14.61.20', '李云', '/common/message/sendMess', '2017-10-25 14:44:11');
INSERT INTO `sys_operate_log` VALUES ('42855', 'liyun', '122.14.61.20', '李云', '/common/message/dataGrid', '2017-10-25 14:44:11');
INSERT INTO `sys_operate_log` VALUES ('42856', 'qiaozhi', '122.14.61.20', '乔治', '/boc/tradeOrdersCartBoc/manager', '2017-10-25 15:01:10');
INSERT INTO `sys_operate_log` VALUES ('42857', 'qiaozhi', '122.14.61.20', '乔治', '/boc/tradeOrdersCartBoc/dataGrid', '2017-10-25 15:01:11');
INSERT INTO `sys_operate_log` VALUES ('42858', 'qiaozhi', '122.14.61.20', '乔治', '/boc/tradeFeedback/manager', '2017-10-25 15:01:37');
INSERT INTO `sys_operate_log` VALUES ('42859', 'qiaozhi', '122.14.61.20', '乔治', '/boc/tradeFeedback/dataGrid', '2017-10-25 15:01:37');
INSERT INTO `sys_operate_log` VALUES ('42860', 'qiaozhi', '122.14.61.20', '乔治', '/portalpay/tradeOrders/manager', '2017-10-25 15:05:38');
INSERT INTO `sys_operate_log` VALUES ('42861', 'qiaozhi', '122.14.61.20', '乔治', '/portalpay/tradeOrders/dataGrid', '2017-10-25 15:05:38');
INSERT INTO `sys_operate_log` VALUES ('42862', 'qiaozhi', '122.14.61.20', '乔治', '/portalpay/tradeGoods/manager', '2017-10-25 15:05:42');
INSERT INTO `sys_operate_log` VALUES ('42863', 'qiaozhi', '122.14.61.20', '乔治', '/portalpay/tradeGoods/dataGrid', '2017-10-25 15:05:42');
INSERT INTO `sys_operate_log` VALUES ('42864', 'qiaozhi', '122.14.61.20', '乔治', '/boc/txtContentBoc/manager', '2017-10-25 15:07:02');
INSERT INTO `sys_operate_log` VALUES ('42865', 'qiaozhi', '122.14.61.20', '乔治', '/boc/txtContentBoc/dataGrid', '2017-10-25 15:07:02');
INSERT INTO `sys_operate_log` VALUES ('42866', 'qiaozhi', '122.14.61.20', '乔治', '/boc/tradeOrdersSeatBoc/manager', '2017-10-25 15:08:45');
INSERT INTO `sys_operate_log` VALUES ('42867', 'qiaozhi', '122.14.61.20', '乔治', '/boc/tradeOrdersSeatBoc/dataGrid', '2017-10-25 15:08:46');
INSERT INTO `sys_operate_log` VALUES ('42868', 'qiaozhi', '122.14.61.20', '乔治', '/boc/txtUploadBoc/manager', '2017-10-25 15:15:03');
INSERT INTO `sys_operate_log` VALUES ('42869', 'qiaozhi', '122.14.61.20', '乔治', '/boc/txtUploadBoc/dataGrid', '2017-10-25 15:15:03');
INSERT INTO `sys_operate_log` VALUES ('42870', 'admin', '122.14.61.20', '超级管理员', '/alipay/tradeOrdersZfb/manager', '2017-10-25 15:46:07');
INSERT INTO `sys_operate_log` VALUES ('42871', 'admin', '122.14.61.20', '超级管理员', '/alipay/tradeOrdersZfb/dataGrid', '2017-10-25 15:46:07');
INSERT INTO `sys_operate_log` VALUES ('42872', 'admin', '122.14.61.20', '超级管理员', '/alipay/tradeOrdersZfb/viewGoodsPage', '2017-10-25 15:46:20');
INSERT INTO `sys_operate_log` VALUES ('42873', 'admin', '122.14.61.20', '超级管理员', '/alipay/tradeOrdersZfb/dataGrid', '2017-10-25 15:46:28');
INSERT INTO `sys_operate_log` VALUES ('42874', 'admin', '122.14.61.20', '超级管理员', '/alipay/tradeCallbackSuccessZfb/manager', '2017-10-25 15:46:51');
INSERT INTO `sys_operate_log` VALUES ('42875', 'admin', '122.14.61.20', '超级管理员', '/alipay/tradeCallbackSuccessZfb/dataGrid', '2017-10-25 15:46:51');
INSERT INTO `sys_operate_log` VALUES ('42876', 'admin', '122.14.61.20', '超级管理员', '/alipay/tradeOrdersZfb/dataGrid', '2017-10-25 15:48:51');
INSERT INTO `sys_operate_log` VALUES ('42877', 'admin', '122.14.61.20', '超级管理员', '/alipay/refundRecordZfb/manager', '2017-10-25 15:48:56');
INSERT INTO `sys_operate_log` VALUES ('42878', 'admin', '122.14.61.20', '超级管理员', '/alipay/refundRecordZfb/dataGrid', '2017-10-25 15:48:56');
INSERT INTO `sys_operate_log` VALUES ('42879', 'admin', '122.14.61.20', '超级管理员', '/alipay/refundRecordZfb/refund', '2017-10-25 15:48:57');
INSERT INTO `sys_operate_log` VALUES ('42880', 'admin', '122.14.61.20', '超级管理员', '/alipay/refundRecordZfb/refundDo', '2017-10-25 15:49:23');
INSERT INTO `sys_operate_log` VALUES ('42881', 'admin', '122.14.61.20', '超级管理员', '/alipay/tradeZfbRefund/manager', '2017-10-25 15:49:29');
INSERT INTO `sys_operate_log` VALUES ('42882', 'lsw', '121.69.129.58', '林丝雯', '/boc/tradeOrdersSeatBoc/manager', '2017-10-25 16:17:09');
INSERT INTO `sys_operate_log` VALUES ('42883', 'lsw', '121.69.129.58', '林丝雯', '/boc/tradeOrdersSeatBoc/dataGrid', '2017-10-25 16:17:09');
INSERT INTO `sys_operate_log` VALUES ('42884', 'lsw', '121.69.129.58', '林丝雯', '/boc/tradeOrdersSeatBoc/dataGrid', '2017-10-25 16:17:14');
INSERT INTO `sys_operate_log` VALUES ('42885', 'lsw', '121.69.129.58', '林丝雯', '/boc/tradeOrdersSeatBoc/dataGrid', '2017-10-25 16:17:20');
INSERT INTO `sys_operate_log` VALUES ('42886', 'liyun', '122.14.61.20', '李云', '/portalpay/tradeOrders/viewGoodsPage', '2017-10-25 16:29:08');
INSERT INTO `sys_operate_log` VALUES ('42887', 'lsw', '121.69.129.58', '林丝雯', '/boc/txtUploadBoc/manager', '2017-10-25 17:05:20');
INSERT INTO `sys_operate_log` VALUES ('42888', 'lsw', '121.69.129.58', '林丝雯', '/boc/txtUploadBoc/dataGrid', '2017-10-25 17:05:20');
INSERT INTO `sys_operate_log` VALUES ('42889', 'lsw', '121.69.129.58', '林丝雯', '/boc/tradeOrdersCartBoc/manager', '2017-10-25 17:05:20');
INSERT INTO `sys_operate_log` VALUES ('42890', 'lsw', '121.69.129.58', '林丝雯', '/boc/tradeOrdersCartBoc/dataGrid', '2017-10-25 17:05:21');
INSERT INTO `sys_operate_log` VALUES ('42891', 'lsw', '121.69.129.58', '林丝雯', '/boc/tradeOrdersSeatBoc/matchSeatOrder', '2017-10-25 17:52:57');
INSERT INTO `sys_operate_log` VALUES ('42892', 'lsw', '121.69.129.58', '林丝雯', '/boc/tradeOrdersSeatBoc/export', '2017-10-25 17:53:01');
INSERT INTO `sys_operate_log` VALUES ('42893', 'lsw', '121.69.129.58', '林丝雯', '/boc/tradeOrdersSeatBoc/export', '2017-10-25 17:53:03');
INSERT INTO `sys_operate_log` VALUES ('42894', 'lsw', '121.69.129.58', '林丝雯', '/boc/tradeOrdersSeatBoc/export', '2017-10-25 17:58:31');
INSERT INTO `sys_operate_log` VALUES ('42895', 'lsw', '121.69.129.58', '林丝雯', '/boc/tradeOrdersSeatBoc/export', '2017-10-25 17:58:33');
INSERT INTO `sys_operate_log` VALUES ('42896', 'liyun', '122.14.61.20', '李云', '/weixin/callbackCart/manager', '2017-10-26 09:35:27');
INSERT INTO `sys_operate_log` VALUES ('42897', 'liyun', '122.14.61.20', '李云', '/weixin/callbackCart/dataGrid', '2017-10-26 09:35:27');
INSERT INTO `sys_operate_log` VALUES ('42898', 'liyun', '122.14.61.20', '李云', '/portalpay/tradeOrders/viewGoodsPage', '2017-10-26 09:35:31');
INSERT INTO `sys_operate_log` VALUES ('42899', 'liyun', '122.14.61.20', '李云', '/portalpay/tradeOrders/viewGoodsPage', '2017-10-26 09:35:35');
INSERT INTO `sys_operate_log` VALUES ('42900', 'liyun', '122.14.61.20', '李云', '/portalpay/tradeOrders/viewGoodsPage', '2017-10-26 09:35:39');
INSERT INTO `sys_operate_log` VALUES ('42901', 'liyun', '122.14.61.20', '李云', '/portalpay/tradeOrders/viewGoodsPage', '2017-10-26 09:36:12');
INSERT INTO `sys_operate_log` VALUES ('42902', 'liyun', '122.14.61.20', '李云', '/portalpay/tradeOrders/manager', '2017-10-26 09:36:26');
INSERT INTO `sys_operate_log` VALUES ('42903', 'liyun', '122.14.61.20', '李云', '/portalpay/tradeOrders/dataGrid', '2017-10-26 09:36:26');
INSERT INTO `sys_operate_log` VALUES ('42904', 'liyun', '122.14.61.20', '李云', '/portalpay/tradeOrders/dataGrid', '2017-10-26 09:36:32');
INSERT INTO `sys_operate_log` VALUES ('42905', 'liyun', '122.14.61.20', '李云', '/portalpay/tradeOrders/viewGoodsPage', '2017-10-26 09:36:37');
INSERT INTO `sys_operate_log` VALUES ('42906', 'liyun', '122.14.61.20', '李云', '/portalpay/tradeOrders/viewLogisticsPage', '2017-10-26 09:36:40');
INSERT INTO `sys_operate_log` VALUES ('42907', 'liyun', '122.14.61.20', '李云', '/portalpay/tradeOrders/editPage', '2017-10-26 09:36:45');
INSERT INTO `sys_operate_log` VALUES ('42908', 'liyun', '122.14.61.20', '李云', '/portalpay/tradeOrders/payStatusQuery', '2017-10-26 09:36:49');
INSERT INTO `sys_operate_log` VALUES ('42909', 'liyun', '122.14.61.20', '李云', '/portalpay/tradeOrders/dataGrid', '2017-10-26 09:36:49');
INSERT INTO `sys_operate_log` VALUES ('42910', 'liyun', '122.14.61.20', '李云', '/portalpay/tradeOrders/viewGoodsPage', '2017-10-26 09:38:21');
INSERT INTO `sys_operate_log` VALUES ('42911', 'qiaozhi', '122.14.61.20', '乔治', '/boc/tradeOrdersSeatBoc/manager', '2017-10-26 09:47:40');
INSERT INTO `sys_operate_log` VALUES ('42912', 'qiaozhi', '122.14.61.20', '乔治', '/boc/tradeOrdersSeatBoc/dataGrid', '2017-10-26 09:47:43');
INSERT INTO `sys_operate_log` VALUES ('42913', 'lsw', '121.69.129.58', '林丝雯', '/boc/tradeOrdersSeatBoc/manager', '2017-10-26 09:47:46');
INSERT INTO `sys_operate_log` VALUES ('42914', 'lsw', '121.69.129.58', '林丝雯', '/boc/tradeOrdersSeatBoc/dataGrid', '2017-10-26 09:47:47');
INSERT INTO `sys_operate_log` VALUES ('42915', 'lsw', '121.69.129.58', '林丝雯', '/boc/tradeOrdersSeatBoc/export', '2017-10-26 09:47:55');
INSERT INTO `sys_operate_log` VALUES ('42916', 'lsw', '121.69.129.58', '林丝雯', '/boc/tradeOrdersSeatBoc/export', '2017-10-26 09:47:57');
INSERT INTO `sys_operate_log` VALUES ('42917', 'qiaozhi', '122.14.61.20', '乔治', '/boc/tradeOrdersSeatBoc/dataGrid', '2017-10-26 09:48:13');
INSERT INTO `sys_operate_log` VALUES ('42918', 'qiaozhi', '122.14.61.20', '乔治', '/boc/tradeOrdersSeatBoc/dataGrid', '2017-10-26 09:48:47');
INSERT INTO `sys_operate_log` VALUES ('42919', 'qiaozhi', '122.14.61.20', '乔治', '/boc/tradeOrdersSeatBoc/viewPage', '2017-10-26 09:49:24');
INSERT INTO `sys_operate_log` VALUES ('42920', 'qiaozhi', '122.14.61.20', '乔治', '/boc/tradeOrdersSeatBoc/viewPage', '2017-10-26 09:49:59');
INSERT INTO `sys_operate_log` VALUES ('42921', 'qiaozhi', '122.14.61.20', '乔治', '/boc/tradeOrdersSeatBoc/dataGrid', '2017-10-26 09:53:09');
INSERT INTO `sys_operate_log` VALUES ('42922', 'lsw', '121.69.129.58', '林丝雯', '/boc/tradeOrdersSeatBoc/export', '2017-10-26 09:54:07');
INSERT INTO `sys_operate_log` VALUES ('42923', 'lsw', '121.69.129.58', '林丝雯', '/boc/tradeOrdersSeatBoc/export', '2017-10-26 09:54:08');
INSERT INTO `sys_operate_log` VALUES ('42924', 'qiaozhi', '122.14.61.20', '乔治', '/boc/tradeOrdersSeatBoc/payStatusQuery', '2017-10-26 09:56:06');
INSERT INTO `sys_operate_log` VALUES ('42925', 'qiaozhi', '122.14.61.20', '乔治', '/boc/tradeOrdersSeatBoc/dataGrid', '2017-10-26 09:56:06');
INSERT INTO `sys_operate_log` VALUES ('42926', 'qiaozhi', '122.14.61.20', '乔治', '/boc/tradeOrdersSeatBoc/editPage', '2017-10-26 09:56:09');
INSERT INTO `sys_operate_log` VALUES ('42927', 'qiaozhi', '122.14.61.20', '乔治', '/boc/tradeOrdersSeatBoc/viewPage', '2017-10-26 09:56:18');
INSERT INTO `sys_operate_log` VALUES ('42928', 'lsw', '121.69.129.58', '林丝雯', '/boc/tradeOrdersSeatBoc/upload', '2017-10-26 09:56:48');
INSERT INTO `sys_operate_log` VALUES ('42929', 'lsw', '121.69.129.58', '林丝雯', '/boc/tradeOrdersSeatBoc/dataGrid', '2017-10-26 09:56:48');
INSERT INTO `sys_operate_log` VALUES ('42930', 'lsw', '121.69.129.58', '林丝雯', '/boc/tradeOrdersSeatBoc/export', '2017-10-26 09:56:52');
INSERT INTO `sys_operate_log` VALUES ('42931', 'lsw', '121.69.129.58', '林丝雯', '/boc/tradeOrdersSeatBoc/export', '2017-10-26 09:56:54');
INSERT INTO `sys_operate_log` VALUES ('42932', 'admin', '122.14.61.20', '超级管理员', '/boc/tradeOrdersSeatBoc/manager', '2017-10-26 09:57:24');
INSERT INTO `sys_operate_log` VALUES ('42933', 'admin', '122.14.61.20', '超级管理员', '/boc/tradeOrdersSeatBoc/dataGrid', '2017-10-26 09:57:25');
INSERT INTO `sys_operate_log` VALUES ('42934', 'admin', '122.14.61.20', '超级管理员', '/boc/tradeOrdersSeatBoc/viewPage', '2017-10-26 09:58:05');
INSERT INTO `sys_operate_log` VALUES ('42935', 'lsw', '121.69.129.58', '林丝雯', '/boc/tradeOrdersSeatBoc/export', '2017-10-26 09:58:09');
INSERT INTO `sys_operate_log` VALUES ('42936', 'lsw', '121.69.129.58', '林丝雯', '/boc/tradeOrdersSeatBoc/export', '2017-10-26 09:58:11');
INSERT INTO `sys_operate_log` VALUES ('42937', 'admin', '122.14.61.20', '超级管理员', '/boc/tradeOrdersSeatBoc/dataGrid', '2017-10-26 09:58:32');
INSERT INTO `sys_operate_log` VALUES ('42938', 'qiaozhi', '122.14.61.20', '乔治', '/boc/tradeOrdersSeatBoc/dataGrid', '2017-10-26 10:01:43');
INSERT INTO `sys_operate_log` VALUES ('42939', 'qiaozhi', '122.14.61.20', '乔治', '/boc/tradeOrdersSeatBoc/dataGrid', '2017-10-26 10:01:56');
INSERT INTO `sys_operate_log` VALUES ('42940', 'admin', '122.14.61.20', '超级管理员', '/boc/tradeOrdersSeatBoc/dataGrid', '2017-10-26 10:06:00');
INSERT INTO `sys_operate_log` VALUES ('42941', 'admin', '122.14.61.20', '超级管理员', '/boc/tradeOrdersSeatBoc/dataGrid', '2017-10-26 10:07:30');
INSERT INTO `sys_operate_log` VALUES ('42942', 'admin', '122.14.61.20', '超级管理员', '/boc/tradeOrdersSeatBoc/dataGrid', '2017-10-26 10:09:01');
INSERT INTO `sys_operate_log` VALUES ('42943', 'admin', '122.14.61.20', '超级管理员', '/boc/tradeOrdersSeatBoc/dataGrid', '2017-10-26 10:09:05');
INSERT INTO `sys_operate_log` VALUES ('42944', 'admin', '122.14.61.20', '超级管理员', '/boc/tradeOrdersSeatBoc/dataGrid', '2017-10-26 10:11:51');
INSERT INTO `sys_operate_log` VALUES ('42945', 'qiaozhi', '122.14.61.20', '乔治', '/boc/tradeOrdersSeatBoc/dataGrid', '2017-10-26 10:14:10');
INSERT INTO `sys_operate_log` VALUES ('42946', 'qiaozhi', '122.14.61.20', '乔治', '/boc/tradeOrdersSeatBoc/dataGrid', '2017-10-26 10:14:22');
INSERT INTO `sys_operate_log` VALUES ('42947', 'qiaozhi', '122.14.61.20', '乔治', '/boc/tradeOrdersSeatBoc/dataGrid', '2017-10-26 10:14:34');
INSERT INTO `sys_operate_log` VALUES ('42948', 'qiaozhi', '122.14.61.20', '乔治', '/boc/tradeOrdersSeatBoc/dataGrid', '2017-10-26 10:14:40');
INSERT INTO `sys_operate_log` VALUES ('42949', 'admin', '122.14.61.20', '超级管理员', '/boc/tradeOrdersSeatBoc/dataGrid', '2017-10-26 10:17:39');
INSERT INTO `sys_operate_log` VALUES ('42950', 'admin', '122.14.61.20', '超级管理员', '/boc/tradeOrdersSeatBoc/dataGrid', '2017-10-26 10:18:14');
INSERT INTO `sys_operate_log` VALUES ('42951', 'admin', '122.14.61.20', '超级管理员', '/boc/tradeOrdersSeatBoc/dataGrid', '2017-10-26 10:18:22');
INSERT INTO `sys_operate_log` VALUES ('42952', 'admin', '122.14.61.20', '超级管理员', '/boc/tradeOrdersSeatBoc/dataGrid', '2017-10-26 10:18:24');
INSERT INTO `sys_operate_log` VALUES ('42953', 'qiaozhi', '122.14.61.20', '乔治', '/boc/tradeOrdersSeatBoc/dataGrid', '2017-10-26 10:25:33');
INSERT INTO `sys_operate_log` VALUES ('42954', 'qiaozhi', '122.14.61.20', '乔治', '/boc/tradeOrdersSeatBoc/viewPage', '2017-10-26 10:33:08');
INSERT INTO `sys_operate_log` VALUES ('42955', 'liyun', '122.14.61.20', '李云', '/alipay/tradeOrdersZfb/manager', '2017-10-26 10:54:52');
INSERT INTO `sys_operate_log` VALUES ('42956', 'liyun', '122.14.61.20', '李云', '/alipay/tradeOrdersZfb/dataGrid', '2017-10-26 10:54:52');
INSERT INTO `sys_operate_log` VALUES ('42957', 'liyun', '122.14.61.20', '李云', '/portalpay/portalpayOrder/manager', '2017-10-26 10:54:57');
INSERT INTO `sys_operate_log` VALUES ('42958', 'liyun', '122.14.61.20', '李云', '/portalpay/portalpayOrder/dataGrid', '2017-10-26 10:54:57');
INSERT INTO `sys_operate_log` VALUES ('42959', 'admin', '0:0:0:0:0:0:0:1', '超级管理员', '/boc/tradeOrdersSeatBoc/manager', '2017-10-26 11:35:14');
INSERT INTO `sys_operate_log` VALUES ('42960', 'admin', '0:0:0:0:0:0:0:1', '超级管理员', '/boc/tradeOrdersSeatBoc/dataGrid', '2017-10-26 11:35:14');
INSERT INTO `sys_operate_log` VALUES ('42961', 'admin', '0:0:0:0:0:0:0:1', '超级管理员', '/boc/txtContentBoc/manager', '2017-10-26 11:36:09');
INSERT INTO `sys_operate_log` VALUES ('42962', 'admin', '0:0:0:0:0:0:0:1', '超级管理员', '/boc/txtContentBoc/dataGrid', '2017-10-26 11:36:09');
INSERT INTO `sys_operate_log` VALUES ('42963', 'qiaozhi', '122.14.61.20', '乔治', '/weixin/informationCart/manager', '2017-10-26 12:04:55');
INSERT INTO `sys_operate_log` VALUES ('42964', 'qiaozhi', '122.14.61.20', '乔治', '/weixin/informationCart/dataGrid', '2017-10-26 12:04:55');
INSERT INTO `sys_operate_log` VALUES ('42965', 'admin', '122.14.61.20', '超级管理员', '/boc/tradeOrdersSeatBoc/manager', '2017-10-26 15:09:02');
INSERT INTO `sys_operate_log` VALUES ('42966', 'admin', '122.14.61.20', '超级管理员', '/boc/tradeOrdersSeatBoc/dataGrid', '2017-10-26 15:09:03');
INSERT INTO `sys_operate_log` VALUES ('42967', 'admin', '122.14.61.20', '超级管理员', '/boc/txtUploadBoc/manager', '2017-10-26 15:09:13');
INSERT INTO `sys_operate_log` VALUES ('42968', 'admin', '122.14.61.20', '超级管理员', '/boc/txtUploadBoc/dataGrid', '2017-10-26 15:09:14');
INSERT INTO `sys_operate_log` VALUES ('42969', 'admin', '122.14.61.20', '超级管理员', '/boc/tradeOrdersCartBoc/manager', '2017-10-26 15:09:16');
INSERT INTO `sys_operate_log` VALUES ('42970', 'admin', '122.14.61.20', '超级管理员', '/boc/tradeOrdersCartBoc/dataGrid', '2017-10-26 15:09:16');
INSERT INTO `sys_operate_log` VALUES ('42971', 'admin', '122.14.61.20', '超级管理员', '/boc/tradeOrdersSeatBoc/manager', '2017-10-27 10:24:21');
INSERT INTO `sys_operate_log` VALUES ('42972', 'admin', '122.14.61.20', '超级管理员', '/boc/tradeOrdersSeatBoc/dataGrid', '2017-10-27 10:24:22');
INSERT INTO `sys_operate_log` VALUES ('42973', 'admin', '0:0:0:0:0:0:0:1', '超级管理员', '/boc/tradeOrdersSeatBoc/manager', '2017-10-27 10:31:03');
INSERT INTO `sys_operate_log` VALUES ('42974', 'admin', '0:0:0:0:0:0:0:1', '超级管理员', '/boc/tradeOrdersSeatBoc/dataGrid', '2017-10-27 10:31:03');
INSERT INTO `sys_operate_log` VALUES ('42975', 'admin', '0:0:0:0:0:0:0:1', '超级管理员', '/boc/tradeOrdersSeatBoc/manager', '2017-10-27 10:33:58');
INSERT INTO `sys_operate_log` VALUES ('42976', 'admin', '0:0:0:0:0:0:0:1', '超级管理员', '/boc/tradeOrdersSeatBoc/dataGrid', '2017-10-27 10:33:58');
INSERT INTO `sys_operate_log` VALUES ('42977', 'admin', '0:0:0:0:0:0:0:1', '超级管理员', '/boc/tradeOrdersSeatBoc/manager', '2017-10-27 10:37:54');
INSERT INTO `sys_operate_log` VALUES ('42978', 'admin', '0:0:0:0:0:0:0:1', '超级管理员', '/boc/tradeOrdersSeatBoc/dataGrid', '2017-10-27 10:37:54');
INSERT INTO `sys_operate_log` VALUES ('42979', 'admin', '0:0:0:0:0:0:0:1', '超级管理员', '/boc/tradeOrdersSeatBoc/manager', '2017-10-27 10:38:08');
INSERT INTO `sys_operate_log` VALUES ('42980', 'admin', '0:0:0:0:0:0:0:1', '超级管理员', '/boc/tradeOrdersSeatBoc/dataGrid', '2017-10-27 10:38:08');
INSERT INTO `sys_operate_log` VALUES ('42981', 'admin', '122.14.61.20', '超级管理员', '/weixin/callbackCart/manager', '2017-10-27 10:40:43');
INSERT INTO `sys_operate_log` VALUES ('42982', 'admin', '122.14.61.20', '超级管理员', '/weixin/callbackCart/dataGrid', '2017-10-27 10:40:43');
INSERT INTO `sys_operate_log` VALUES ('42983', 'admin', '122.14.61.20', '超级管理员', '/weixin/informationCart/manager', '2017-10-27 10:42:32');
INSERT INTO `sys_operate_log` VALUES ('42984', 'admin', '122.14.61.20', '超级管理员', '/weixin/informationCart/dataGrid', '2017-10-27 10:42:32');
INSERT INTO `sys_operate_log` VALUES ('42985', 'admin', '0:0:0:0:0:0:0:1', '超级管理员', '/weixin/informationCart/manager', '2017-10-27 11:09:31');
INSERT INTO `sys_operate_log` VALUES ('42986', 'admin', '0:0:0:0:0:0:0:1', '超级管理员', '/weixin/informationCart/dataGrid', '2017-10-27 11:09:32');
INSERT INTO `sys_operate_log` VALUES ('42987', 'admin', '0:0:0:0:0:0:0:1', '超级管理员', '/weixin/callbackCart/manager', '2017-10-27 11:11:56');
INSERT INTO `sys_operate_log` VALUES ('42988', 'admin', '0:0:0:0:0:0:0:1', '超级管理员', '/weixin/callbackCart/dataGrid', '2017-10-27 11:11:56');
INSERT INTO `sys_operate_log` VALUES ('42989', 'admin', '0:0:0:0:0:0:0:1', '超级管理员', '/weixin/informationCart/dataGrid', '2017-10-27 11:11:59');
INSERT INTO `sys_operate_log` VALUES ('42990', 'admin', '0:0:0:0:0:0:0:1', '超级管理员', '/weixin/informationCart/dataGrid', '2017-10-27 11:12:01');
INSERT INTO `sys_operate_log` VALUES ('42991', 'admin', '0:0:0:0:0:0:0:1', '超级管理员', '/weixin/informationCart/dataGrid', '2017-10-27 11:12:02');
INSERT INTO `sys_operate_log` VALUES ('42992', 'admin', '0:0:0:0:0:0:0:1', '超级管理员', '/weixin/informationCart/dataGrid', '2017-10-27 11:12:04');
INSERT INTO `sys_operate_log` VALUES ('42993', 'admin', '0:0:0:0:0:0:0:1', '超级管理员', '/weixin/informationCart/manager', '2017-10-27 11:13:26');
INSERT INTO `sys_operate_log` VALUES ('42994', 'admin', '0:0:0:0:0:0:0:1', '超级管理员', '/weixin/informationCart/dataGrid', '2017-10-27 11:13:27');
INSERT INTO `sys_operate_log` VALUES ('42995', 'admin', '0:0:0:0:0:0:0:1', '超级管理员', '/weixin/informationCart/dataGrid', '2017-10-27 11:13:47');
INSERT INTO `sys_operate_log` VALUES ('42996', 'admin', '0:0:0:0:0:0:0:1', '超级管理员', '/portalpay/portalpayOrderSeat/manager', '2017-10-27 11:29:43');
INSERT INTO `sys_operate_log` VALUES ('42997', 'admin', '0:0:0:0:0:0:0:1', '超级管理员', '/portalpay/portalpayOrderSeat/dataGrid', '2017-10-27 11:29:43');
INSERT INTO `sys_operate_log` VALUES ('42998', 'admin', '0:0:0:0:0:0:0:1', '超级管理员', '/portalpay/portalpayOrder/manager', '2017-10-27 11:29:44');
INSERT INTO `sys_operate_log` VALUES ('42999', 'admin', '0:0:0:0:0:0:0:1', '超级管理员', '/portalpay/portalpayOrder/dataGrid', '2017-10-27 11:29:44');
INSERT INTO `sys_operate_log` VALUES ('43000', 'admin', '0:0:0:0:0:0:0:1', '超级管理员', '/portalpay/tradeOrders/manager', '2017-10-27 11:29:54');
INSERT INTO `sys_operate_log` VALUES ('43001', 'admin', '0:0:0:0:0:0:0:1', '超级管理员', '/portalpay/tradeOrders/dataGrid', '2017-10-27 11:29:54');
INSERT INTO `sys_operate_log` VALUES ('43002', 'liyun', '122.14.61.20', '李云', '/weixin/informationCart/manager', '2017-10-27 16:17:35');
INSERT INTO `sys_operate_log` VALUES ('43003', 'liyun', '122.14.61.20', '李云', '/weixin/informationCart/dataGrid', '2017-10-27 16:17:36');
INSERT INTO `sys_operate_log` VALUES ('43004', 'liyun', '122.14.61.20', '李云', '/weixin/callbackCart/manager', '2017-10-27 16:17:36');
INSERT INTO `sys_operate_log` VALUES ('43005', 'liyun', '122.14.61.20', '李云', '/weixin/callbackCart/dataGrid', '2017-10-27 16:17:37');
INSERT INTO `sys_operate_log` VALUES ('43006', 'liyun', '122.14.61.20', '李云', '/portalpay/tradeOrders/viewGoodsPage', '2017-10-27 16:17:44');
INSERT INTO `sys_operate_log` VALUES ('43007', 'liyun', '122.14.61.20', '李云', '/portalpay/tradeOrders/viewGoodsPage', '2017-10-27 16:20:50');
INSERT INTO `sys_operate_log` VALUES ('43008', 'liyun', '122.14.61.20', '李云', '/boc/txtContentBoc/manager', '2017-10-27 16:34:36');
INSERT INTO `sys_operate_log` VALUES ('43009', 'liyun', '122.14.61.20', '李云', '/boc/txtContentBoc/dataGrid', '2017-10-27 16:34:36');
INSERT INTO `sys_operate_log` VALUES ('43010', 'liyun', '122.14.61.20', '李云', '/boc/txtContentBoc/dataGrid', '2017-10-27 16:35:00');
INSERT INTO `sys_operate_log` VALUES ('43011', 'liyun', '122.14.61.20', '李云', '/boc/txtContentBoc/export', '2017-10-27 16:35:04');
INSERT INTO `sys_operate_log` VALUES ('43012', 'liyun', '106.39.134.139', '李云', '/weixin/callbackCart/manager', '2017-10-29 19:09:44');
INSERT INTO `sys_operate_log` VALUES ('43013', 'liyun', '106.39.134.139', '李云', '/weixin/callbackCart/dataGrid', '2017-10-29 19:09:44');
INSERT INTO `sys_operate_log` VALUES ('43014', 'liyun', '122.14.61.20', '李云', '/weixin/callbackCart/manager', '2017-10-30 09:29:43');
INSERT INTO `sys_operate_log` VALUES ('43015', 'liyun', '122.14.61.20', '李云', '/weixin/callbackCart/dataGrid', '2017-10-30 09:29:44');
INSERT INTO `sys_operate_log` VALUES ('43016', 'lsw', '121.69.129.58', '林丝雯', '/boc/tradeOrdersSeatBoc/manager', '2017-10-30 09:52:51');
INSERT INTO `sys_operate_log` VALUES ('43017', 'lsw', '121.69.129.58', '林丝雯', '/boc/tradeOrdersSeatBoc/dataGrid', '2017-10-30 09:52:52');
INSERT INTO `sys_operate_log` VALUES ('43018', 'lsw', '121.69.129.58', '林丝雯', '/boc/tradeOrdersSeatBoc/export', '2017-10-30 09:56:54');
INSERT INTO `sys_operate_log` VALUES ('43019', 'lsw', '121.69.129.58', '林丝雯', '/boc/tradeOrdersSeatBoc/export', '2017-10-30 10:01:00');
INSERT INTO `sys_operate_log` VALUES ('43020', 'lsw', '121.69.129.58', '林丝雯', '/boc/tradeOrdersSeatBoc/export', '2017-10-30 10:02:29');
INSERT INTO `sys_operate_log` VALUES ('43021', 'lsw', '121.69.129.58', '林丝雯', '/boc/tradeOrdersSeatBoc/matchSeatOrder', '2017-10-30 10:06:02');
INSERT INTO `sys_operate_log` VALUES ('43022', 'lsw', '121.69.129.58', '林丝雯', '/boc/tradeOrdersSeatBoc/export', '2017-10-30 10:06:06');
INSERT INTO `sys_operate_log` VALUES ('43023', 'lsw', '121.69.129.58', '林丝雯', '/boc/tradeOrdersSeatBoc/export', '2017-10-30 10:06:13');
INSERT INTO `sys_operate_log` VALUES ('43024', 'lsw', '121.69.129.58', '林丝雯', '/boc/tradeOrdersSeatBoc/manager', '2017-10-30 10:59:48');
INSERT INTO `sys_operate_log` VALUES ('43025', 'lsw', '121.69.129.58', '林丝雯', '/boc/tradeOrdersSeatBoc/dataGrid', '2017-10-30 10:59:49');
INSERT INTO `sys_operate_log` VALUES ('43026', 'lsw', '121.69.129.58', '林丝雯', '/boc/tradeOrdersSeatBoc/export', '2017-10-30 11:01:20');
INSERT INTO `sys_operate_log` VALUES ('43027', 'lsw', '121.69.129.58', '林丝雯', '/boc/tradeOrdersSeatBoc/export', '2017-10-30 11:01:24');
INSERT INTO `sys_operate_log` VALUES ('43028', 'lsw', '121.69.129.58', '林丝雯', '/boc/tradeOrdersSeatBoc/manager', '2017-10-30 13:54:34');
INSERT INTO `sys_operate_log` VALUES ('43029', 'lsw', '121.69.129.58', '林丝雯', '/boc/tradeOrdersSeatBoc/dataGrid', '2017-10-30 13:54:34');
INSERT INTO `sys_operate_log` VALUES ('43030', 'lsw', '121.69.129.58', '林丝雯', '/boc/tradeOrdersSeatBoc/dataGrid', '2017-10-30 13:54:39');
INSERT INTO `sys_operate_log` VALUES ('43031', 'lsw', '121.69.129.58', '林丝雯', '/boc/tradeOrdersSeatBoc/dataGrid', '2017-10-30 13:55:49');
INSERT INTO `sys_operate_log` VALUES ('43032', 'lsw', '121.69.129.58', '林丝雯', '/boc/tradeOrdersSeatBoc/dataGrid', '2017-10-30 13:55:59');
INSERT INTO `sys_operate_log` VALUES ('43033', 'lsw', '121.69.129.58', '林丝雯', '/boc/txtContentBoc/manager', '2017-10-30 13:58:34');
INSERT INTO `sys_operate_log` VALUES ('43034', 'lsw', '121.69.129.58', '林丝雯', '/boc/txtContentBoc/dataGrid', '2017-10-30 13:58:34');
INSERT INTO `sys_operate_log` VALUES ('43035', 'lsw', '121.69.129.58', '林丝雯', '/boc/txtContentBoc/dataGrid', '2017-10-30 13:58:39');
INSERT INTO `sys_operate_log` VALUES ('43036', 'lsw', '121.69.129.58', '林丝雯', '/boc/tradeFeedback/manager', '2017-10-30 13:58:47');
INSERT INTO `sys_operate_log` VALUES ('43037', 'lsw', '121.69.129.58', '林丝雯', '/boc/tradeFeedback/dataGrid', '2017-10-30 13:58:47');
INSERT INTO `sys_operate_log` VALUES ('43038', 'lsw', '121.69.129.58', '林丝雯', '/boc/tradeFeedback/dataGrid', '2017-10-30 13:58:53');
INSERT INTO `sys_operate_log` VALUES ('43039', 'liyun', '122.14.61.20', '李云', '/common/message/manager', '2017-10-30 13:58:58');
INSERT INTO `sys_operate_log` VALUES ('43040', 'liyun', '122.14.61.20', '李云', '/common/message/dataGrid', '2017-10-30 13:58:58');
INSERT INTO `sys_operate_log` VALUES ('43041', 'liyun', '122.14.61.20', '李云', '/common/message/sendMessPage', '2017-10-30 13:59:08');
INSERT INTO `sys_operate_log` VALUES ('43042', 'liyun', '122.14.61.20', '李云', '/common/message/sendMess', '2017-10-30 13:59:48');
INSERT INTO `sys_operate_log` VALUES ('43043', 'liyun', '122.14.61.20', '李云', '/common/message/dataGrid', '2017-10-30 13:59:48');
INSERT INTO `sys_operate_log` VALUES ('43044', 'admin', '122.14.61.20', '超级管理员', '/alipay/tradeOrdersZfb/manager', '2017-10-30 14:12:25');
INSERT INTO `sys_operate_log` VALUES ('43045', 'admin', '122.14.61.20', '超级管理员', '/alipay/tradeOrdersZfb/dataGrid', '2017-10-30 14:12:25');
INSERT INTO `sys_operate_log` VALUES ('43046', 'admin', '122.14.61.20', '超级管理员', '/alipay/tradeOrdersZfb/dataGrid', '2017-10-30 14:12:31');
INSERT INTO `sys_operate_log` VALUES ('43047', 'liyun', '122.14.61.20', '李云', '/weixin/callbackCart/manager', '2017-10-30 16:07:52');
INSERT INTO `sys_operate_log` VALUES ('43048', 'liyun', '122.14.61.20', '李云', '/weixin/callbackCart/dataGrid', '2017-10-30 16:07:53');
INSERT INTO `sys_operate_log` VALUES ('43049', 'liyun', '122.14.61.20', '李云', '/portalpay/tradeOrders/viewGoodsPage', '2017-10-30 16:07:58');
INSERT INTO `sys_operate_log` VALUES ('43050', 'lsw', '121.69.129.58', '林丝雯', '/boc/tradeOrdersSeatBoc/manager', '2017-10-30 16:33:47');
INSERT INTO `sys_operate_log` VALUES ('43051', 'lsw', '121.69.129.58', '林丝雯', '/boc/tradeOrdersSeatBoc/dataGrid', '2017-10-30 16:33:48');
INSERT INTO `sys_operate_log` VALUES ('43052', 'lsw', '121.69.129.58', '林丝雯', '/boc/tradeOrdersSeatBoc/dataGrid', '2017-10-30 16:33:58');
INSERT INTO `sys_operate_log` VALUES ('43053', 'lsw', '121.69.129.58', '林丝雯', '/boc/tradeOrdersSeatBoc/dataGrid', '2017-10-30 16:44:52');
INSERT INTO `sys_operate_log` VALUES ('43054', 'admin', '122.14.61.20', '超级管理员', '/portalpay/portalpayOrder/manager', '2017-10-30 17:57:58');
INSERT INTO `sys_operate_log` VALUES ('43055', 'admin', '122.14.61.20', '超级管理员', '/portalpay/portalpayOrder/dataGrid', '2017-10-30 17:57:58');
INSERT INTO `sys_operate_log` VALUES ('43056', 'admin', '122.14.61.20', '超级管理员', '/portalpay/portalpayOrderGoods/manager', '2017-10-30 17:59:52');
INSERT INTO `sys_operate_log` VALUES ('43057', 'admin', '122.14.61.20', '超级管理员', '/portalpay/portalpayOrderGoods/dataGrid', '2017-10-30 17:59:52');
INSERT INTO `sys_operate_log` VALUES ('43058', 'admin', '122.14.61.20', '超级管理员', '/boc/tradeOrdersSeatBoc/manager', '2017-10-30 17:59:54');
INSERT INTO `sys_operate_log` VALUES ('43059', 'admin', '122.14.61.20', '超级管理员', '/boc/tradeOrdersSeatBoc/dataGrid', '2017-10-30 17:59:55');
INSERT INTO `sys_operate_log` VALUES ('43060', 'admin', '122.14.61.20', '超级管理员', '/weixin/informationCart/manager', '2017-10-30 18:00:03');
INSERT INTO `sys_operate_log` VALUES ('43061', 'admin', '122.14.61.20', '超级管理员', '/weixin/informationCart/dataGrid', '2017-10-30 18:00:04');
INSERT INTO `sys_operate_log` VALUES ('43062', 'admin', '122.14.61.20', '超级管理员', '/boc/tradeOrdersSeatBoc/manager', '2017-10-30 18:00:06');
INSERT INTO `sys_operate_log` VALUES ('43063', 'admin', '122.14.61.20', '超级管理员', '/boc/tradeOrdersSeatBoc/dataGrid', '2017-10-30 18:00:07');
INSERT INTO `sys_operate_log` VALUES ('43064', 'admin', '122.14.61.20', '超级管理员', '/boc/tradeOrdersCartBoc/manager', '2017-10-30 18:00:15');
INSERT INTO `sys_operate_log` VALUES ('43065', 'admin', '122.14.61.20', '超级管理员', '/boc/tradeOrdersCartBoc/dataGrid', '2017-10-30 18:00:16');
INSERT INTO `sys_operate_log` VALUES ('43066', 'lsw', '121.69.129.58', '林丝雯', '/boc/tradeOrdersSeatBoc/manager', '2017-10-31 11:22:23');
INSERT INTO `sys_operate_log` VALUES ('43067', 'lsw', '121.69.129.58', '林丝雯', '/boc/tradeOrdersSeatBoc/dataGrid', '2017-10-31 11:22:23');
INSERT INTO `sys_operate_log` VALUES ('43068', 'lsw', '121.69.129.58', '林丝雯', '/boc/txtContentBoc/manager', '2017-10-31 11:29:46');
INSERT INTO `sys_operate_log` VALUES ('43069', 'lsw', '121.69.129.58', '林丝雯', '/boc/txtContentBoc/dataGrid', '2017-10-31 11:29:46');
INSERT INTO `sys_operate_log` VALUES ('43070', 'lsw', '121.69.129.58', '林丝雯', '/boc/tradeOrdersSeatBoc/dataGrid', '2017-10-31 11:30:09');
INSERT INTO `sys_operate_log` VALUES ('43071', 'lsw', '121.69.129.58', '林丝雯', '/boc/tradeOrdersSeatBoc/dataGrid', '2017-10-31 11:30:12');
INSERT INTO `sys_operate_log` VALUES ('43072', 'lsw', '121.69.129.58', '林丝雯', '/boc/tradeOrdersSeatBoc/dataGrid', '2017-10-31 11:30:20');
INSERT INTO `sys_operate_log` VALUES ('43073', 'lsw', '121.69.129.58', '林丝雯', '/boc/tradeOrdersSeatBoc/dataGrid', '2017-10-31 11:30:24');
INSERT INTO `sys_operate_log` VALUES ('43074', 'lsw', '121.69.129.58', '林丝雯', '/boc/tradeOrdersSeatBoc/dataGrid', '2017-10-31 11:30:28');
INSERT INTO `sys_operate_log` VALUES ('43075', 'lsw', '121.69.129.58', '林丝雯', '/boc/tradeOrdersSeatBoc/dataGrid', '2017-10-31 11:30:40');
INSERT INTO `sys_operate_log` VALUES ('43076', 'lsw', '121.69.129.58', '林丝雯', '/boc/tradeOrdersSeatBoc/dataGrid', '2017-10-31 11:30:41');
INSERT INTO `sys_operate_log` VALUES ('43077', 'lsw', '121.69.129.58', '林丝雯', '/boc/tradeOrdersSeatBoc/dataGrid', '2017-10-31 11:30:42');
INSERT INTO `sys_operate_log` VALUES ('43078', 'lsw', '121.69.129.58', '林丝雯', '/boc/tradeOrdersSeatBoc/dataGrid', '2017-10-31 11:30:42');
INSERT INTO `sys_operate_log` VALUES ('43079', 'lsw', '121.69.129.58', '林丝雯', '/boc/tradeOrdersSeatBoc/dataGrid', '2017-10-31 11:30:43');
INSERT INTO `sys_operate_log` VALUES ('43080', 'lsw', '121.69.129.58', '林丝雯', '/boc/txtUploadBoc/manager', '2017-10-31 11:34:49');
INSERT INTO `sys_operate_log` VALUES ('43081', 'lsw', '121.69.129.58', '林丝雯', '/boc/txtUploadBoc/dataGrid', '2017-10-31 11:34:50');
INSERT INTO `sys_operate_log` VALUES ('43082', 'lsw', '121.69.129.58', '林丝雯', '/boc/tradeOrdersSeatBoc/manager', '2017-10-31 16:50:07');
INSERT INTO `sys_operate_log` VALUES ('43083', 'lsw', '121.69.129.58', '林丝雯', '/boc/tradeOrdersSeatBoc/dataGrid', '2017-10-31 16:50:08');
INSERT INTO `sys_operate_log` VALUES ('43084', 'lsw', '121.69.129.58', '林丝雯', '/boc/tradeOrdersSeatBoc/dataGrid', '2017-10-31 16:50:14');
INSERT INTO `sys_operate_log` VALUES ('43085', 'admin', '122.14.61.20', '超级管理员', '/portalpay/portalpayOrder/manager', '2017-11-01 09:04:33');
INSERT INTO `sys_operate_log` VALUES ('43086', 'admin', '122.14.61.20', '超级管理员', '/portalpay/portalpayOrder/dataGrid', '2017-11-01 09:04:33');
INSERT INTO `sys_operate_log` VALUES ('43087', 'admin', '122.14.61.20', '超级管理员', '/alipay/tradeOrdersZfb/manager', '2017-11-01 09:04:39');
INSERT INTO `sys_operate_log` VALUES ('43088', 'admin', '122.14.61.20', '超级管理员', '/alipay/tradeOrdersZfb/dataGrid', '2017-11-01 09:04:39');
INSERT INTO `sys_operate_log` VALUES ('43089', 'admin', '122.14.61.20', '超级管理员', '/boc/tradeOrdersSeatBoc/manager', '2017-11-01 09:04:46');
INSERT INTO `sys_operate_log` VALUES ('43090', 'admin', '122.14.61.20', '超级管理员', '/boc/tradeOrdersSeatBoc/dataGrid', '2017-11-01 09:04:47');
INSERT INTO `sys_operate_log` VALUES ('43091', 'admin', '122.14.61.20', '超级管理员', '/weixin/callbackCart/manager', '2017-11-01 09:04:58');
INSERT INTO `sys_operate_log` VALUES ('43092', 'admin', '122.14.61.20', '超级管理员', '/weixin/callbackCart/dataGrid', '2017-11-01 09:04:58');
INSERT INTO `sys_operate_log` VALUES ('43093', 'admin', '122.14.61.20', '超级管理员', '/portalpay/tradeOrders/manager', '2017-11-01 09:08:16');
INSERT INTO `sys_operate_log` VALUES ('43094', 'admin', '122.14.61.20', '超级管理员', '/portalpay/tradeOrders/dataGrid', '2017-11-01 09:08:16');
INSERT INTO `sys_operate_log` VALUES ('43095', 'admin', '122.14.61.20', '超级管理员', '/resource/manager', '2017-11-01 09:21:53');
INSERT INTO `sys_operate_log` VALUES ('43096', 'admin', '122.14.61.20', '超级管理员', '/resource/addPage', '2017-11-01 09:21:56');
INSERT INTO `sys_operate_log` VALUES ('43097', 'admin', '122.14.61.20', '超级管理员', '/resource/allTree', '2017-11-01 09:21:56');
INSERT INTO `sys_operate_log` VALUES ('43098', 'admin', '122.14.61.20', '超级管理员', '/resource/add', '2017-11-01 09:22:58');
INSERT INTO `sys_operate_log` VALUES ('43099', 'admin', '122.14.61.20', '超级管理员', '/resource/editPage', '2017-11-01 09:23:10');
INSERT INTO `sys_operate_log` VALUES ('43100', 'admin', '122.14.61.20', '超级管理员', '/resource/edit', '2017-11-01 09:23:15');
INSERT INTO `sys_operate_log` VALUES ('43101', 'admin', '122.14.61.20', '超级管理员', '/resource/editPage', '2017-11-01 09:23:26');
INSERT INTO `sys_operate_log` VALUES ('43102', 'admin', '122.14.61.20', '超级管理员', '/resource/addPage', '2017-11-01 09:23:32');
INSERT INTO `sys_operate_log` VALUES ('43103', 'admin', '122.14.61.20', '超级管理员', '/resource/allTree', '2017-11-01 09:23:32');
INSERT INTO `sys_operate_log` VALUES ('43104', 'admin', '122.14.61.20', '超级管理员', '/resource/add', '2017-11-01 09:23:55');
INSERT INTO `sys_operate_log` VALUES ('43105', 'admin', '122.14.61.20', '超级管理员', '/role/manager', '2017-11-01 09:24:03');
INSERT INTO `sys_operate_log` VALUES ('43106', 'admin', '122.14.61.20', '超级管理员', '/role/dataGrid', '2017-11-01 09:24:03');
INSERT INTO `sys_operate_log` VALUES ('43107', 'admin', '122.14.61.20', '超级管理员', '/role/grantPage', '2017-11-01 09:24:04');
INSERT INTO `sys_operate_log` VALUES ('43108', 'admin', '122.14.61.20', '超级管理员', '/resource/allTree', '2017-11-01 09:24:04');
INSERT INTO `sys_operate_log` VALUES ('43109', 'admin', '122.14.61.20', '超级管理员', '/role/get', '2017-11-01 09:24:04');
INSERT INTO `sys_operate_log` VALUES ('43110', 'admin', '122.14.61.20', '超级管理员', '/role/grant', '2017-11-01 09:24:11');
INSERT INTO `sys_operate_log` VALUES ('43111', 'admin', '122.14.61.20', '超级管理员', '/role/dataGrid', '2017-11-01 09:24:11');

-- ----------------------------
-- Table structure for sys_organization
-- ----------------------------
DROP TABLE IF EXISTS `sys_organization`;
CREATE TABLE `sys_organization` (
  `id` int(11) NOT NULL AUTO_INCREMENT,
  `name` varchar(64) NOT NULL,
  `address` varchar(100) DEFAULT NULL,
  `code` varchar(64) NOT NULL,
  `icon` varchar(32) DEFAULT NULL,
  `pid` int(11) DEFAULT NULL,
  `seq` int(1) NOT NULL DEFAULT '0',
  `isdefault` int(1) DEFAULT NULL,
  `createdatetime` datetime DEFAULT NULL,
  PRIMARY KEY (`id`)
) ENGINE=MyISAM AUTO_INCREMENT=9 DEFAULT CHARSET=utf8 COMMENT='组织机构';

-- ----------------------------
-- Records of sys_organization
-- ----------------------------
INSERT INTO `sys_organization` VALUES ('1', '系统内置', '系统内置', '1', 'icon-company', null, '1', '0', '2017-05-18 11:27:45');
INSERT INTO `sys_organization` VALUES ('2', '产品部', '产品部', '2', 'icon-company', null, '2', '1', '2017-05-18 11:27:04');
INSERT INTO `sys_organization` VALUES ('3', '电商部', '电商部', '3', 'icon-company', null, '3', '1', '2017-05-18 11:27:56');

-- ----------------------------
-- Table structure for sys_resource
-- ----------------------------
DROP TABLE IF EXISTS `sys_resource`;
CREATE TABLE `sys_resource` (
  `id` int(5) NOT NULL AUTO_INCREMENT,
  `name` varchar(64) NOT NULL,
  `url` varchar(100) DEFAULT NULL,
  `description` varchar(255) DEFAULT NULL,
  `icon` varchar(32) DEFAULT NULL,
  `pid` int(11) DEFAULT NULL,
  `seq` int(4) NOT NULL DEFAULT '0',
  `state` int(4) NOT NULL DEFAULT '0',
  `resourcetype` int(4) NOT NULL DEFAULT '0',
  `isdefault` int(4) DEFAULT NULL COMMENT '//1非默认资源可以删除，0默认资源不可以删除',
  `hasChild` int(4) DEFAULT NULL COMMENT '默认0没有，1有',
  `createdatetime` datetime DEFAULT NULL,
  PRIMARY KEY (`id`)
) ENGINE=MyISAM AUTO_INCREMENT=451 DEFAULT CHARSET=utf8 COMMENT='资源';

-- ----------------------------
-- Records of sys_resource
-- ----------------------------
INSERT INTO `sys_resource` VALUES ('1', '系统管理', '', '系统管理', 'icon-company', null, '100', '0', '0', '0', '1', '2014-02-19 01:00:00');
INSERT INTO `sys_resource` VALUES ('11', '资源管理', '/resource/manager', '资源管理', 'icon-folder', '1', '1', '0', '0', '0', '1', '2014-02-19 01:00:00');
INSERT INTO `sys_resource` VALUES ('111', '列表', '/resource/treeGrid', '资源列表', 'icon-btn', '11', '0', '0', '1', '0', '1', '2014-02-19 01:00:00');
INSERT INTO `sys_resource` VALUES ('112', '添加', '/resource/add', '资源添加', 'icon-btn', '11', '0', '0', '1', '0', '1', '2014-02-19 01:00:00');
INSERT INTO `sys_resource` VALUES ('113', '编辑', '/resource/edit', '资源编辑', 'icon-btn', '11', '0', '0', '1', '0', '1', '2014-02-19 01:00:00');
INSERT INTO `sys_resource` VALUES ('114', '删除', '/resource/delete', '资源删除', 'icon-btn', '11', '0', '0', '1', '0', '1', '2014-02-19 01:00:00');
INSERT INTO `sys_resource` VALUES ('12', '角色管理', '/role/manager', '角色管理', 'icon-folder', '1', '2', '0', '0', '0', '1', '2014-02-19 01:00:00');
INSERT INTO `sys_resource` VALUES ('121', '列表', '/role/dataGrid', '角色列表', 'icon-btn', '12', '0', '0', '1', '0', '1', '2014-02-19 01:00:00');
INSERT INTO `sys_resource` VALUES ('122', '添加', '/role/add', '角色添加', 'icon-btn', '12', '0', '0', '1', '0', '1', '2014-02-19 01:00:00');
INSERT INTO `sys_resource` VALUES ('123', '编辑', '/role/edit', '角色编辑', 'icon-btn', '12', '0', '0', '1', '0', '1', '2014-02-19 01:00:00');
INSERT INTO `sys_resource` VALUES ('124', '删除', '/role/delete', '角色删除', 'icon-btn', '12', '0', '0', '1', '0', '1', '2014-02-19 01:00:00');
INSERT INTO `sys_resource` VALUES ('125', '授权', '/role/grant', '角色授权', 'icon-btn', '12', '0', '0', '1', '0', '1', '2014-02-19 01:00:00');
INSERT INTO `sys_resource` VALUES ('13', '用户管理', '/user/manager', '用户管理', 'icon-folder', '1', '3', '0', '0', '0', '1', '2014-02-19 01:00:00');
INSERT INTO `sys_resource` VALUES ('131', '列表', '/user/dataGrid', '用户列表', 'icon-btn', '13', '0', '0', '1', '0', '1', '2014-02-19 01:00:00');
INSERT INTO `sys_resource` VALUES ('132', '添加', '/user/add', '用户添加', 'icon-btn', '13', '0', '0', '1', '0', '1', '2014-02-19 01:00:00');
INSERT INTO `sys_resource` VALUES ('133', '编辑', '/user/edit', '用户编辑', 'icon-btn', '13', '0', '0', '1', '0', '1', '2014-02-19 01:00:00');
INSERT INTO `sys_resource` VALUES ('134', '删除', '/user/delete', '用户删除', 'icon-btn', '13', '0', '0', '1', '0', '1', '2014-02-19 01:00:00');
INSERT INTO `sys_resource` VALUES ('135', '查看', '/user/view', '用户查看', 'icon-btn', '13', '0', '0', '1', '0', '1', '2014-02-19 01:00:00');
INSERT INTO `sys_resource` VALUES ('14', '部门管理', '/organization/manager', '部门管理', 'icon-folder', '1', '4', '0', '0', '0', '1', '2014-02-19 01:00:00');
INSERT INTO `sys_resource` VALUES ('141', '列表', '/organization/treeGrid', '用户列表', 'icon-btn', '14', '0', '0', '1', '0', '1', '2014-02-19 01:00:00');
INSERT INTO `sys_resource` VALUES ('142', '添加', '/organization/add', '部门添加', 'icon-btn', '14', '0', '0', '1', '0', '1', '2014-02-19 01:00:00');
INSERT INTO `sys_resource` VALUES ('143', '编辑', '/organization/edit', '部门编辑', 'icon-btn', '14', '0', '0', '1', '0', '1', '2014-02-19 01:00:00');
INSERT INTO `sys_resource` VALUES ('144', '删除', '/organization/delete', '部门删除', 'icon-btn', '14', '0', '0', '1', '0', '1', '2014-02-19 01:00:00');
INSERT INTO `sys_resource` VALUES ('145', '查看', '/organization/view', '部门查看', 'icon-btn', '14', '0', '0', '1', '0', '1', '2014-02-19 01:00:00');
INSERT INTO `sys_resource` VALUES ('2', '代码演示', '', '代码演示', 'icon-company', null, '99', '0', '0', '0', '1', '2014-02-19 01:00:00');
INSERT INTO `sys_resource` VALUES ('21', 'DEMO管理', '/demo/manager', 'DEMO管理', 'icon-folder', '2', '1', '0', '0', '0', '1', '2014-02-19 01:00:00');
INSERT INTO `sys_resource` VALUES ('211', '列表', '/demo/dataGrid', '列表', 'icon-btn', '21', '0', '0', '1', '0', '1', '2014-02-19 01:00:00');
INSERT INTO `sys_resource` VALUES ('212', '添加', '/demo/add', '添加', 'icon-btn', '21', '0', '0', '1', '0', '1', '2014-02-19 01:00:00');
INSERT INTO `sys_resource` VALUES ('213', '编辑', '/demo/edit', '编辑', 'icon-btn', '21', '0', '0', '1', '0', '1', '2014-02-19 01:00:00');
INSERT INTO `sys_resource` VALUES ('214', '删除', '/demo/delete', '删除', 'icon-btn', '21', '0', '0', '1', '0', '1', '2014-02-19 01:00:00');
INSERT INTO `sys_resource` VALUES ('215', '查看', '/demo/view', '查看', 'icon-btn', '21', '0', '0', '1', '0', '1', '2014-02-19 01:00:00');
INSERT INTO `sys_resource` VALUES ('22', 'EASYUI', 'http://www.jeasyui.com', 'EASYUI', 'icon-folder', '2', '1', '0', '0', '0', '1', '2014-02-19 01:00:00');
INSERT INTO `sys_resource` VALUES ('219', '支付宝管理', '', null, 'icon-company', null, '0', '0', '0', '0', '1', '2017-02-22 13:10:45');
INSERT INTO `sys_resource` VALUES ('226', '导出', '/alipay/tradeOrdersZfb/export', null, 'icon-btn', '223', '0', '0', '1', '1', '1', '2017-02-22 18:35:44');
INSERT INTO `sys_resource` VALUES ('227', '添加', '/alipay/tradeOrdersZfb/add', null, 'icon-btn', '223', '0', '0', '1', '1', '1', '2017-02-22 18:38:21');
INSERT INTO `sys_resource` VALUES ('223', '支付宝商城订单', '/alipay/tradeOrdersZfb/manager', null, 'icon-folder', '219', '0', '0', '0', '0', '1', '2017-02-22 14:59:49');
INSERT INTO `sys_resource` VALUES ('224', '列表', '/alipay/tradeOrdersZfb/dataGrid', null, 'icon-btn', '223', '0', '0', '1', '1', '1', '2017-02-22 15:00:34');
INSERT INTO `sys_resource` VALUES ('225', '详情', '/alipay/tradeOrdersZfb/view', null, 'icon-btn', '223', '0', '0', '1', '1', '1', '2017-02-22 15:01:11');
INSERT INTO `sys_resource` VALUES ('228', '删除', '/alipay/tradeOrdersZfb/delete', null, 'icon-btn', '223', '0', '0', '1', '1', '1', '2017-02-23 10:26:33');
INSERT INTO `sys_resource` VALUES ('229', '编辑', '/alipay/tradeOrdersZfb/edit', null, 'icon-btn', '223', '0', '0', '1', '1', '1', '2017-02-23 10:27:30');
INSERT INTO `sys_resource` VALUES ('230', '乐豆管理', '', '乐豆管理', 'icon-company', null, '10', '0', '0', '1', '1', '2017-02-24 14:38:10');
INSERT INTO `sys_resource` VALUES ('231', '乐豆订单', '/ledou/ledouOrder/manager', null, 'icon-folder', '230', '0', '0', '0', '1', '1', '2017-02-24 14:39:49');
INSERT INTO `sys_resource` VALUES ('232', '列表', '/ledou/ledouOrder/dataGrid', null, 'icon-btn', '231', '0', '0', '1', '1', '1', '2017-02-24 14:40:34');
INSERT INTO `sys_resource` VALUES ('233', '支付宝座选订单', '/alipay/tradeSeatorderZfb/manager', '支付宝座选订单', 'icon-folder', '219', '2', '0', '0', '1', '1', '2017-02-27 13:42:37');
INSERT INTO `sys_resource` VALUES ('234', '列表', '/alipay/tradeSeatorderZfb/dataGrid', null, 'icon-btn', '233', '0', '0', '1', '1', '1', '2017-02-27 13:43:40');
INSERT INTO `sys_resource` VALUES ('235', '新生管理', '', '新生管理', 'icon-company', null, '1', '0', '0', '1', '1', '2017-02-27 14:54:18');
INSERT INTO `sys_resource` VALUES ('236', '新生商城订单管理', '/portalpay/portalpayOrder/manager', '新生商城订单管理', 'icon-folder', '235', '0', '0', '0', '1', '1', '2017-02-27 14:55:03');
INSERT INTO `sys_resource` VALUES ('237', '列表', '/portalpay/portalpayOrder/dataGrid', null, 'icon-btn', '236', '0', '0', '1', '1', '1', '2017-02-27 15:05:52');
INSERT INTO `sys_resource` VALUES ('238', '新生座选升舱订单管理', '/portalpay/portalpayOrderSeat/manager', '代扣座选升舱订单管理', 'icon-folder', '235', '1', '0', '0', '1', '1', '2017-02-27 17:04:48');
INSERT INTO `sys_resource` VALUES ('239', '列表', '/portalpay/portalpayOrderSeat/dataGrid', null, 'icon-btn', '238', '0', '0', '1', '1', '1', '2017-02-27 17:05:34');
INSERT INTO `sys_resource` VALUES ('247', '新生商品管理', '/portalpay/portalpayOrderGoods/manager', '新生商品管理', 'icon-folder', '235', '2', '0', '0', '1', '1', '2017-03-07 09:08:51');
INSERT INTO `sys_resource` VALUES ('248', '列表', '/portalpay/portalpayOrderGoods/dataGrid', null, 'icon-btn', '247', '0', '0', '1', '1', '1', '2017-03-07 09:09:39');
INSERT INTO `sys_resource` VALUES ('241', '支付宝异步通知', '/alipay/tradeCallbackSuccessZfb/manager', '支付宝异步通知', 'icon-folder', '219', '3', '0', '0', '1', '1', '2017-03-03 09:19:47');
INSERT INTO `sys_resource` VALUES ('242', '列表', '/alipay/tradeCallbackSuccessZfb/dataGrid', null, 'icon-btn', '241', '0', '0', '1', '1', '1', '2017-03-03 09:21:11');
INSERT INTO `sys_resource` VALUES ('249', '编辑', '/alipay/tradeSeatorderZfb/edit', null, 'icon-btn', '233', '0', '0', '1', '1', '1', '2017-03-07 10:38:01');
INSERT INTO `sys_resource` VALUES ('250', '支付宝商品管理', '/alipay//tradeGoodsZfb/manager', '支付宝商品管理', 'icon-folder', '219', '5', '0', '0', '1', '1', '2017-03-07 14:46:07');
INSERT INTO `sys_resource` VALUES ('251', '列表', '/alipay/tradeGoodsZfb/dataGrid', null, 'icon-btn', '250', '0', '0', '1', '1', '1', '2017-03-07 14:46:49');
INSERT INTO `sys_resource` VALUES ('252', '商城管理', '', '商城管理', 'icon-company', null, '5', '0', '0', '1', '1', '2017-03-08 09:34:31');
INSERT INTO `sys_resource` VALUES ('253', '订单管理', '/portalpay/tradeOrders/manager', null, 'icon-folder', '252', '0', '0', '0', '1', '1', '2017-03-08 09:35:40');
INSERT INTO `sys_resource` VALUES ('254', '商品管理', '/portalpay/tradeGoods/manager', '商品管理', 'icon-folder', '252', '3', '0', '0', '1', '1', '2017-03-08 09:36:50');
INSERT INTO `sys_resource` VALUES ('255', '列表', '/portalpay/tradeOrders/dataGrid', null, 'icon-btn', '253', '0', '0', '1', '1', '1', '2017-03-08 09:37:37');
INSERT INTO `sys_resource` VALUES ('256', '列表', '/portalpay/tradeGoods/dataGrid', null, 'icon-btn', '254', '0', '0', '1', '1', '1', '2017-03-08 09:38:22');
INSERT INTO `sys_resource` VALUES ('257', '商品', '/portalpay/portalpayOrder/viewGoods', '商品', 'icon-btn', '236', '0', '0', '1', '1', '1', '2017-03-08 14:00:03');
INSERT INTO `sys_resource` VALUES ('258', '编辑', '/portalpay/portalpayOrder/edit', null, 'icon-btn', '236', '0', '0', '1', '1', '1', '2017-03-08 15:43:22');
INSERT INTO `sys_resource` VALUES ('259', '公共管理', '', '公共管理', 'icon-company', null, '9', '0', '0', '1', '1', '2017-03-08 16:17:40');
INSERT INTO `sys_resource` VALUES ('260', '物流管理', '/common/tradeLogistics/manager', null, 'icon-folder', '259', '0', '0', '0', '1', '1', '2017-03-08 16:18:22');
INSERT INTO `sys_resource` VALUES ('261', '添加', '/common/tradeLogistics/add', null, 'icon-btn', '260', '0', '0', '1', '1', '1', '2017-03-08 16:21:30');
INSERT INTO `sys_resource` VALUES ('262', '编辑', '/common/tradeLogistics/edit', null, 'icon-btn', '260', '0', '0', '1', '1', '1', '2017-03-08 16:22:06');
INSERT INTO `sys_resource` VALUES ('263', '列表', '/common/tradeLogistics/dataGrid', null, 'icon-btn', '260', '0', '0', '1', '1', '1', '2017-03-08 16:26:00');
INSERT INTO `sys_resource` VALUES ('264', '删除', '/common/tradeLogistics/delete', null, 'icon-btn', '260', '0', '0', '1', '1', '1', '2017-03-08 16:27:01');
INSERT INTO `sys_resource` VALUES ('265', '详情', '/portalpay/portalpayOrder/view', null, 'icon-btn', '236', '0', '0', '1', '1', '1', '2017-03-08 18:00:52');
INSERT INTO `sys_resource` VALUES ('266', '物流', '/portalpay/portalpayOrder/logisticsEdit', '物流', 'icon-btn', '236', '0', '0', '1', '1', '1', '2017-03-09 09:31:57');
INSERT INTO `sys_resource` VALUES ('267', '删除', '/portalpay/tradeOrders/delete', null, 'icon-btn', '253', '0', '0', '1', '1', '1', '2017-03-09 14:33:44');
INSERT INTO `sys_resource` VALUES ('268', '删除', '/portalpay/tradeGoods/delete', null, 'icon-btn', '254', '0', '0', '1', '1', '1', '2017-03-09 14:35:03');
INSERT INTO `sys_resource` VALUES ('269', '设备管理', '', '设备管理', 'icon-company', null, '8', '0', '0', '1', '1', '2017-03-09 15:37:25');
INSERT INTO `sys_resource` VALUES ('270', '列表', '/filemanager/fileUpload/dataGrid', null, 'icon-btn', '271', '0', '0', '1', '1', '1', '2017-03-09 15:45:33');
INSERT INTO `sys_resource` VALUES ('271', '文件上传记录', '/filemanager/fileUpload/manager', null, 'icon-folder', '269', '0', '0', '0', '1', '1', '2017-03-09 15:47:28');
INSERT INTO `sys_resource` VALUES ('272', '删除', '/filemanager/fileUpload/delete', null, 'icon-btn', '271', '0', '0', '1', '1', '1', '2017-03-09 16:01:52');
INSERT INTO `sys_resource` VALUES ('273', '编辑', '/filemanager/fileUpload/edit', '编辑', 'icon-btn', '271', '0', '0', '1', '1', '1', '2017-03-09 16:02:22');
INSERT INTO `sys_resource` VALUES ('274', '详情', '/filemanager/fileUpload/view', null, 'icon-btn', '271', '0', '0', '1', '1', '1', '2017-03-09 16:02:58');
INSERT INTO `sys_resource` VALUES ('275', '文件下载记录', '/filemanager/fileDownload/manager', null, 'icon-folder', '269', '0', '0', '0', '1', '1', '2017-03-09 17:40:02');
INSERT INTO `sys_resource` VALUES ('276', '列表', '/filemanager/fileDownload/dataGrid', null, 'icon-btn', '275', '0', '0', '1', '1', '1', '2017-03-09 17:40:42');
INSERT INTO `sys_resource` VALUES ('277', '商品', '/alipay/tradeOrdersZfb/viewGoodsPage', null, 'icon-btn', '223', '0', '0', '1', '1', '1', '2017-03-13 15:19:17');
INSERT INTO `sys_resource` VALUES ('278', '物流', '/alipay/tradeOrdersZfb/logisticsEdit', '物流', 'icon-btn', '223', '0', '0', '1', '1', '1', '2017-03-13 15:20:45');
INSERT INTO `sys_resource` VALUES ('279', '删除', '/portalpay/portalpayOrder/delete', null, 'icon-btn', '236', '0', '0', '1', '1', '1', '2017-03-14 09:20:36');
INSERT INTO `sys_resource` VALUES ('282', '设备信息管理', '/filemanager/termInfo/manager', null, 'icon-folder', '269', '0', '0', '0', '1', '1', '2017-03-17 16:29:51');
INSERT INTO `sys_resource` VALUES ('281', '上传', '/filemanager/fileUpload/managerDo', null, 'icon-btn', '271', '0', '0', '1', '1', '1', '2017-03-14 11:21:42');
INSERT INTO `sys_resource` VALUES ('283', '列表', '/filemanager/termInfo/dataGrid', null, 'icon-btn', '282', '0', '0', '1', '1', '1', '2017-03-17 16:36:49');
INSERT INTO `sys_resource` VALUES ('284', '添加', '/filemanager/termInfo/add', null, 'icon-btn', '282', '0', '0', '1', '1', '1', '2017-03-17 17:08:12');
INSERT INTO `sys_resource` VALUES ('285', '编辑', '/filemanager/termInfo/edit', null, 'icon-btn', '282', '0', '0', '1', '1', '1', '2017-03-17 17:08:43');
INSERT INTO `sys_resource` VALUES ('286', '删除', '/filemanager/termInfo/delete', null, 'icon-btn', '282', '0', '0', '1', '1', '1', '2017-03-17 17:09:07');
INSERT INTO `sys_resource` VALUES ('287', '导出', '/filemanager/termInfo/export', null, 'icon-btn', '282', '0', '0', '1', '1', '1', '2017-03-20 15:00:56');
INSERT INTO `sys_resource` VALUES ('288', '添加mac', '/filemanager/termInfo/addMac', null, 'icon-btn', '282', '0', '0', '1', '1', '1', '2017-03-21 09:11:21');
INSERT INTO `sys_resource` VALUES ('289', '对账管理', '/jsp/feedback/export.jsp', '对账管理', 'icon-folder', '259', '0', '0', '0', '1', '1', '2017-03-21 13:47:35');
INSERT INTO `sys_resource` VALUES ('293', '删除', '/common/operateLog/delete', null, 'icon-btn', '291', '0', '0', '1', '0', '1', '2017-03-21 15:46:49');
INSERT INTO `sys_resource` VALUES ('292', '列表', '/common/operateLog/dataGrid', null, 'icon-btn', '291', '0', '0', '1', '0', '1', '2017-03-21 15:37:30');
INSERT INTO `sys_resource` VALUES ('291', '日志管理', '/common/operateLog/manager', null, 'icon-folder', '1', '0', '0', '0', '0', '1', '2017-03-21 15:32:04');
INSERT INTO `sys_resource` VALUES ('294', '删除', '/alipay/tradeSeatorderZfb/delete', null, 'icon-btn', '233', '0', '0', '1', '1', '1', '2017-03-21 17:15:39');
INSERT INTO `sys_resource` VALUES ('295', '详情', '/alipay/tradeSeatorderZfb/view', null, 'icon-btn', '233', '0', '0', '1', '1', '1', '2017-03-21 17:16:40');
INSERT INTO `sys_resource` VALUES ('296', '删除', '/portalpay/portalpayOrderSeat/delete', null, 'icon-btn', '238', '0', '0', '1', '1', '1', '2017-03-21 17:44:12');
INSERT INTO `sys_resource` VALUES ('297', '详情', '/portalpay/portalpayOrderSeat/view', null, 'icon-btn', '238', '0', '0', '1', '1', '1', '2017-03-21 17:44:44');
INSERT INTO `sys_resource` VALUES ('298', '退款管理', '/portalpay/portalpayOrderRefund/manager', '退款管理', 'icon-folder', '235', '5', '0', '0', '1', '0', '2017-03-23 17:57:55');
INSERT INTO `sys_resource` VALUES ('299', '支付退款结果查询', '/portalpay/portalpayOrderQuery/manager', '支付退款结果查询', 'icon-folder', '235', '3', '0', '0', '1', '0', '2017-03-24 11:35:09');
INSERT INTO `sys_resource` VALUES ('300', '解压失败记录', '/portalpay/portalpayOrderUnzipFail/manager', '解压失败记录', 'icon-folder', '235', '6', '0', '0', '1', '1', '2017-03-24 14:19:43');
INSERT INTO `sys_resource` VALUES ('301', '列表', '/portalpay/portalpayOrderUnzipFail/dataGrid', '列表', 'icon-btn', '300', '0', '0', '1', '1', '1', '2017-03-24 14:20:41');
INSERT INTO `sys_resource` VALUES ('302', '下载', '/portalpay/portalpayOrderUnzipFail/download', '下载', 'icon-btn', '300', '0', '0', '1', '1', '1', '2017-03-24 14:21:51');
INSERT INTO `sys_resource` VALUES ('303', '退款记录', '/portalpay/portalpayOrderRefundRecord/manager', '退款记录', 'icon-folder', '235', '4', '0', '0', '1', '1', '2017-03-27 18:55:58');
INSERT INTO `sys_resource` VALUES ('304', '列表', '/portalpay/portalpayOrderRefundRecord/dataGrid', '列表', 'icon-btn', '303', '0', '0', '1', '1', '1', '2017-03-27 18:57:09');
INSERT INTO `sys_resource` VALUES ('305', '购物送积分记录', '/alipay/tradeIntegralZfb/manager', '购物送积分记录', 'icon-folder', '219', '4', '0', '0', '1', '1', '2017-03-28 13:48:50');
INSERT INTO `sys_resource` VALUES ('306', '列表', '/alipay/tradeIntegralZfb/dataGrid', '列表', 'icon-btn', '305', '0', '0', '1', '1', '1', '2017-03-28 13:49:45');
INSERT INTO `sys_resource` VALUES ('307', '删除', '/alipay/tradeIntegralZfb/delete', '删除', 'icon-btn', '305', '0', '0', '1', '1', '1', '2017-03-28 13:58:49');
INSERT INTO `sys_resource` VALUES ('308', '支付宝退款', '/alipay/tradeZfbRefund/manager', '支付宝退款', 'icon-folder', '219', '6', '0', '0', '1', '1', '2017-03-31 10:20:29');
INSERT INTO `sys_resource` VALUES ('309', '永乐管理', '', '永乐管理', 'icon-company', null, '7', '0', '0', '1', '1', '2017-04-10 15:27:44');
INSERT INTO `sys_resource` VALUES ('310', '永乐订单管理', '/yongle/orderInfoYl/manager', '永乐订单管理', 'icon-folder', '309', '0', '0', '0', '1', '1', '2017-04-10 15:37:14');
INSERT INTO `sys_resource` VALUES ('311', '列表', '/yongle/orderInfoYl/dataGrid', '列表', 'icon-btn', '310', '1', '0', '1', '1', '1', '2017-04-10 15:37:47');
INSERT INTO `sys_resource` VALUES ('312', '详情', '/yongle/orderInfoYl/view', '详情', 'icon-btn', '310', '0', '0', '1', '1', '1', '2017-04-10 15:38:22');
INSERT INTO `sys_resource` VALUES ('313', '票次', '/yongle/orderInfoYl/viewTicketPage', '票次', 'icon-btn', '310', '2', '0', '1', '1', '1', '2017-04-10 15:39:46');
INSERT INTO `sys_resource` VALUES ('314', '永乐退款订单管理', '/yongle/lmapplyRefundInfoYl/manager', '永乐退款订单管理', 'icon-folder', '309', '1', '0', '0', '1', '1', '2017-04-10 18:08:07');
INSERT INTO `sys_resource` VALUES ('315', '列表', '/yongle/lmapplyRefundInfoYl/dataGrid', '列表', 'icon-btn', '314', '1', '0', '1', '1', '1', '2017-04-10 18:09:04');
INSERT INTO `sys_resource` VALUES ('441', '财务退款', '/portalpay/tradeOrders/caiwuRefund', '财务退款', 'icon-btn', '253', '6', '0', '1', '1', '0', '2017-09-04 11:08:59');
INSERT INTO `sys_resource` VALUES ('317', '永乐票品', '/yongle/productInfoYl/manager', '永乐票品', 'icon-folder', '309', '3', '0', '0', '1', '1', '2017-04-24 10:35:15');
INSERT INTO `sys_resource` VALUES ('318', '列表', '/yongle/productInfoYl/dataGrid', '列表', 'icon-btn', '317', '0', '0', '1', '1', '1', '2017-04-24 10:36:01');
INSERT INTO `sys_resource` VALUES ('319', '详情', '/yongle/productInfoYl/view', '详情', 'icon-btn', '317', '0', '0', '1', '1', '1', '2017-04-24 10:36:55');
INSERT INTO `sys_resource` VALUES ('320', '删除', '/yongle/productInfoYl/delete', '删除', 'icon-btn', '317', '0', '0', '1', '1', '1', '2017-04-24 16:24:10');
INSERT INTO `sys_resource` VALUES ('321', '导出', '/yongle/productInfoYl/export', '导出', 'icon-btn', '317', '0', '0', '1', '1', '1', '2017-04-25 14:05:11');
INSERT INTO `sys_resource` VALUES ('322', '永乐区码', '/yongle/fconfigInfoYl/manager', '永乐区码', 'icon-folder', '309', '0', '0', '0', '1', '1', '2017-04-25 18:55:44');
INSERT INTO `sys_resource` VALUES ('323', '列表', '/yongle/fconfigInfoYl/dataGrid', '列表', 'icon-btn', '322', '0', '0', '1', '1', '1', '2017-04-25 18:56:34');
INSERT INTO `sys_resource` VALUES ('324', '删除', '/yongle/fconfigInfoYl/delete', '删除', 'icon-btn', '322', '0', '0', '1', '1', '1', '2017-04-25 18:57:20');
INSERT INTO `sys_resource` VALUES ('325', '编辑', '/yongle/fconfigInfoYl/edit', '编辑', 'icon-btn', '322', '0', '0', '1', '1', '1', '2017-04-25 20:13:42');
INSERT INTO `sys_resource` VALUES ('327', '短信管理', '/common/message/manager', '短信平台', 'icon-folder', '259', '0', '0', '0', '1', '1', '2017-05-04 11:12:57');
INSERT INTO `sys_resource` VALUES ('328', '列表', '/common/message/dataGrid', '列表', 'icon-btn', '327', '0', '0', '1', '1', '1', '2017-05-04 16:12:49');
INSERT INTO `sys_resource` VALUES ('329', '删除', '/common/message/delete', '删除', 'icon-btn', '327', '0', '0', '1', '1', '1', '2017-05-04 16:13:18');
INSERT INTO `sys_resource` VALUES ('330', '航渠', '/jsp/feedback/airCompany', '航渠', 'icon-btn', '289', '0', '0', '1', '1', '1', '2017-05-09 13:30:12');
INSERT INTO `sys_resource` VALUES ('331', '导出类型', '/jsp/feedback/exportType', '导出类型', 'icon-btn', '289', '0', '0', '1', '1', '1', '2017-05-09 13:31:04');
INSERT INTO `sys_resource` VALUES ('339', '商品', '/portalpay/tradeOrders/viewGoods', '商品', 'icon-btn', '253', '0', '0', '1', '1', '0', '2017-05-12 18:10:04');
INSERT INTO `sys_resource` VALUES ('338', '支付结果', '/portalpay/tradeOrders/payStatusQuery', '支付结果', 'icon-btn', '253', '0', '0', '1', '1', '0', '2017-05-12 15:23:15');
INSERT INTO `sys_resource` VALUES ('340', '编辑', '/yongle/lmapplyRefundInfoYl/edit', '编辑', 'icon-btn', '314', '0', '0', '1', '1', '0', '2017-05-15 14:08:22');
INSERT INTO `sys_resource` VALUES ('341', '发送短信', '/common/message/sendMessPage', '发送短信', 'icon-btn', '327', '0', '0', '1', '1', '0', '2017-05-15 16:21:25');
INSERT INTO `sys_resource` VALUES ('342', '供应商订单管理', '/portalpay/tradeOrdersSup/manager', '供应商订单管理', 'icon-folder', '252', '1', '0', '0', '1', '1', '2017-05-17 13:59:42');
INSERT INTO `sys_resource` VALUES ('343', '列表', '/portalpay/tradeOrdersSup/dataGrid', '列表', 'icon-btn', '342', '0', '0', '1', '1', '0', '2017-05-17 14:00:50');
INSERT INTO `sys_resource` VALUES ('344', '商品', '/portalpay/tradeOrdersSup/viewGoods', '商品', 'icon-btn', '342', '0', '0', '1', '1', '0', '2017-05-17 14:01:41');
INSERT INTO `sys_resource` VALUES ('373', '上传', '/boc/txtUploadBoc/upload', '上传', 'icon-btn', '370', '3', '0', '1', '1', '0', '2017-05-19 13:55:36');
INSERT INTO `sys_resource` VALUES ('372', '删除', '/boc/txtUploadBoc/delete', '删除', 'icon-btn', '370', '2', '0', '1', '1', '0', '2017-05-19 13:54:30');
INSERT INTO `sys_resource` VALUES ('371', '列表', '/boc/txtUploadBoc/dataGrid', '列表', 'icon-btn', '370', '1', '0', '1', '1', '0', '2017-05-19 13:53:48');
INSERT INTO `sys_resource` VALUES ('370', '中银TXT上传管理', '/boc/txtUploadBoc/manager', '中银TXT上传管理', 'icon-folder', '369', '3', '0', '0', '1', '1', '2017-05-19 13:53:12');
INSERT INTO `sys_resource` VALUES ('369', '中银管理', '', '中银管理', 'icon-company', null, '3', '0', '0', '1', '1', '2017-05-19 13:52:13');
INSERT INTO `sys_resource` VALUES ('374', '微信管理', '', '微信管理', 'icon-company', null, '4', '0', '0', '1', '1', '2017-05-23 13:57:12');
INSERT INTO `sys_resource` VALUES ('375', '微信退款', '/weixin/refund/manager', '微信退款', 'icon-folder', '374', '2', '0', '0', '1', '0', '2017-05-23 13:58:29');
INSERT INTO `sys_resource` VALUES ('376', '列表', '/weixin/refund/dataGrid', '列表', 'icon-btn', '375', '0', '0', '1', '1', '0', '2017-05-23 15:20:02');
INSERT INTO `sys_resource` VALUES ('377', '退款', '/weixin/refund/refund', '退款', 'icon-btn', '375', '0', '0', '1', '1', '0', '2017-05-23 15:20:46');
INSERT INTO `sys_resource` VALUES ('378', '下载票品', '/yongle/productInfoYl/download', '下载票品', 'icon-btn', '317', '0', '0', '1', '1', '0', '2017-05-24 12:45:35');
INSERT INTO `sys_resource` VALUES ('379', '票品过滤', '/yongle/productInfoYl/filter', '票品过滤', 'icon-btn', '317', '0', '0', '1', '1', '0', '2017-05-24 14:12:18');
INSERT INTO `sys_resource` VALUES ('380', '圣地亚新生支付订单管理', '/portalpay/portalpayOrderSdy/manager', '圣地亚订单管理', 'icon-folder', '235', '7', '0', '0', '1', '1', '2017-05-26 11:53:43');
INSERT INTO `sys_resource` VALUES ('381', '商品', '/portalpay/portalpayOrderSdy/viewGoods', '商品', 'icon-btn', '380', '0', '0', '1', '1', '0', '2017-05-26 11:54:50');
INSERT INTO `sys_resource` VALUES ('382', '详情', '/portalpay/portalpayOrderSdy/view', '详情', 'icon-btn', '380', '0', '0', '1', '1', '0', '2017-05-26 11:55:21');
INSERT INTO `sys_resource` VALUES ('383', '删除', '/portalpay/portalpayOrderSdy/delete', '删除', 'icon-btn', '380', '0', '0', '1', '1', '0', '2017-05-26 11:56:12');
INSERT INTO `sys_resource` VALUES ('384', '列表', '/portalpay/portalpayOrderSdy/dataGrid', '列表', 'icon-btn', '380', '0', '0', '1', '1', '0', '2017-05-26 11:56:59');
INSERT INTO `sys_resource` VALUES ('385', '圣地亚订单管理', '/portalpay/tradeOrdersSdy/manager', '圣地亚订单管理', 'icon-folder', '252', '2', '0', '0', '1', '1', '2017-05-26 16:59:37');
INSERT INTO `sys_resource` VALUES ('386', '列表', '/portalpay/tradeOrdersSdy/dataGrid', '列表', 'icon-btn', '385', '0', '0', '1', '1', '0', '2017-05-26 17:00:08');
INSERT INTO `sys_resource` VALUES ('387', '商品', '/portalpay/tradeOrdersSdy/viewGoods', '商品', 'icon-btn', '385', '0', '0', '1', '1', '0', '2017-05-26 17:01:15');
INSERT INTO `sys_resource` VALUES ('388', '支付结果', '/portalpay/tradeOrdersSdy/payStatusQuery', '支付结果', 'icon-btn', '385', '0', '0', '1', '1', '0', '2017-05-26 17:03:10');
INSERT INTO `sys_resource` VALUES ('389', '退款查询', '/weixin/refund/queryRefund', '查询退款', 'icon-btn', '375', '0', '0', '1', '1', '0', '2017-05-27 10:20:01');
INSERT INTO `sys_resource` VALUES ('390', 'JSONStr转JAVABEAN', 'http://www.bejson.com/json2javapojo/', 'JSONStr转JAVABEAN', 'icon-folder', '2', '0', '0', '0', '1', '0', '2017-06-02 10:50:46');
INSERT INTO `sys_resource` VALUES ('391', '支付宝退款记录', '/alipay/refundRecordZfb/manager', '支付宝退款记录', 'icon-folder', '219', '1', '0', '0', '1', '1', '2017-06-02 13:34:21');
INSERT INTO `sys_resource` VALUES ('392', '退款', '/alipay/refundRecordZfb/refund', '退款', 'icon-btn', '391', '0', '0', '1', '1', '0', '2017-06-02 13:35:08');
INSERT INTO `sys_resource` VALUES ('393', '列表', '/alipay/refundRecordZfb/dataGrid', '列表', 'icon-btn', '391', '0', '0', '1', '1', '0', '2017-06-02 13:35:37');
INSERT INTO `sys_resource` VALUES ('394', '删除', '/alipay/refundRecordZfb/delete', '删除', 'icon-btn', '391', '0', '0', '1', '1', '0', '2017-06-02 14:48:25');
INSERT INTO `sys_resource` VALUES ('395', '扫码反馈记录', '/weixin/informationCart/manager', '扫码反馈记录', 'icon-folder', '374', '0', '0', '0', '1', '0', '2017-06-02 15:54:04');
INSERT INTO `sys_resource` VALUES ('396', '列表', '/weixin/informationCart/dataGrid', '列表', 'icon-btn', '395', '0', '0', '1', '1', '0', '2017-06-02 15:56:09');
INSERT INTO `sys_resource` VALUES ('397', '删除', '/weixin/informationCart/delete', '删除', 'icon-btn', '395', '0', '0', '1', '1', '0', '2017-06-02 15:56:39');
INSERT INTO `sys_resource` VALUES ('398', '支付反馈记录', '/weixin/callbackCart/manager', '支付反馈记录', 'icon-folder', '374', '1', '0', '0', '1', '0', '2017-06-02 15:57:42');
INSERT INTO `sys_resource` VALUES ('399', '列表', '/weixin/callbackCart/dataGrid', '列表', 'icon-btn', '398', '0', '0', '1', '1', '0', '2017-06-02 15:58:14');
INSERT INTO `sys_resource` VALUES ('400', '删除', '/weixin/callbackCart/delete', '删除', 'icon-btn', '398', '0', '0', '1', '1', '0', '2017-06-02 15:58:36');
INSERT INTO `sys_resource` VALUES ('401', '中银商城管理', '/boc/tradeOrdersCartBoc/manager', '中银商城管理', 'icon-folder', '369', '0', '0', '0', '1', '1', '2017-06-05 17:30:43');
INSERT INTO `sys_resource` VALUES ('402', '中银座选管理', '/boc/tradeOrdersSeatBoc/manager', '中银座选管理', 'icon-folder', '369', '1', '0', '0', '1', '1', '2017-06-05 17:31:07');
INSERT INTO `sys_resource` VALUES ('403', '列表', '/boc/tradeOrdersCartBoc/dataGrid', '列表', 'icon-btn', '401', '0', '0', '1', '1', '0', '2017-06-05 17:31:41');
INSERT INTO `sys_resource` VALUES ('404', '列表', '/boc/tradeOrdersSeatBoc/dataGrid', '列表', 'icon-btn', '402', '0', '0', '1', '1', '0', '2017-06-05 17:32:38');
INSERT INTO `sys_resource` VALUES ('405', '删除', '/boc/tradeOrdersCartBoc/delete', '删除', 'icon-btn', '401', '0', '0', '1', '1', '0', '2017-06-05 17:33:08');
INSERT INTO `sys_resource` VALUES ('406', '删除', '/boc/tradeOrdersSeatBoc/delete', '删除', 'icon-btn', '402', '0', '0', '1', '1', '0', '2017-06-05 17:33:26');
INSERT INTO `sys_resource` VALUES ('407', '商品', '/boc/tradeOrdersCartBoc/goodsView', '商品', 'icon-btn', '401', '0', '0', '1', '1', '0', '2017-06-05 17:34:23');
INSERT INTO `sys_resource` VALUES ('408', '详情', '/boc/tradeOrdersCartBoc/view', '详情', 'icon-btn', '401', '0', '0', '1', '1', '0', '2017-06-05 17:34:55');
INSERT INTO `sys_resource` VALUES ('409', '详情', '/boc/tradeOrdersSeatBoc/view', '详情', 'icon-btn', '402', '0', '0', '1', '1', '0', '2017-06-05 17:35:20');
INSERT INTO `sys_resource` VALUES ('410', '支付结果', '/boc/tradeOrdersCartBoc/payStatusQuery', '支付结果', 'icon-btn', '401', '0', '0', '1', '1', '0', '2017-06-06 11:50:48');
INSERT INTO `sys_resource` VALUES ('411', '支付结果', '/boc/tradeOrdersSeatBoc/payStatusQuery', '支付结果', 'icon-btn', '402', '0', '0', '1', '1', '0', '2017-06-06 11:51:58');
INSERT INTO `sys_resource` VALUES ('413', '获取订单号', '/weixin/common/getOrderNumber', '获取订单号', 'icon-btn', '398', '0', '0', '1', '1', '0', '2017-06-08 11:51:55');
INSERT INTO `sys_resource` VALUES ('414', '查询支付结果', '/weixin/informationCart/payStatusQuery', '查询支付结果', 'icon-btn', '395', '0', '0', '1', '1', '0', '2017-06-08 15:45:29');
INSERT INTO `sys_resource` VALUES ('415', '编辑', '/portalpay/tradeOrders/edit', '编辑', 'icon-btn', '253', '0', '0', '1', '1', '0', '2017-06-13 14:27:56');
INSERT INTO `sys_resource` VALUES ('416', '中银交易内容', '/boc/txtContentBoc/manager', '中银交易内容', 'icon-folder', '369', '4', '0', '0', '1', '1', '2017-06-14 11:45:04');
INSERT INTO `sys_resource` VALUES ('417', '列表', '/boc/txtContentBoc/dataGrid', '列表', 'icon-btn', '416', '0', '0', '1', '1', '0', '2017-06-14 11:45:51');
INSERT INTO `sys_resource` VALUES ('418', '中银反馈记录', '/boc/tradeFeedback/manager', '中银反馈记录', 'icon-folder', '369', '5', '0', '0', '1', '0', '2017-06-14 16:53:08');
INSERT INTO `sys_resource` VALUES ('419', '列表', '/boc/tradeFeedback/dataGrid', '列表', 'icon-btn', '418', '0', '0', '1', '1', '0', '2017-06-14 16:53:49');
INSERT INTO `sys_resource` VALUES ('420', '添加', '/portalpay/tradeOrders/add', '添加', 'icon-btn', '253', '5', '0', '1', '1', '0', '2017-06-26 15:28:37');
INSERT INTO `sys_resource` VALUES ('421', '添加', '/portalpay/tradeGoods/add', '添加', 'icon-btn', '254', '0', '0', '1', '1', '0', '2017-06-26 15:29:26');
INSERT INTO `sys_resource` VALUES ('422', '考拉管理', '', '考拉管理', 'icon-company', null, '11', '0', '0', '1', '1', '2017-07-07 16:47:21');
INSERT INTO `sys_resource` VALUES ('423', '考拉商品管理', '/kaola/goodsInfo/manager', '考拉商品管理', 'icon-folder', '422', '0', '0', '0', '1', '1', '2017-07-07 16:48:58');
INSERT INTO `sys_resource` VALUES ('424', '列表', '/kaola/goodsInfo/dataGrid', '列表', 'icon-btn', '423', '0', '0', '1', '1', '0', '2017-07-07 16:51:45');
INSERT INTO `sys_resource` VALUES ('425', '编辑', '/kaola/goodsInfo/edit', '编辑', 'icon-btn', '423', '0', '0', '1', '1', '0', '2017-07-07 16:52:35');
INSERT INTO `sys_resource` VALUES ('426', '删除', '/kaola/goodsInfo/delete', '删除', 'icon-btn', '423', '0', '0', '1', '1', '0', '2017-07-07 16:53:02');
INSERT INTO `sys_resource` VALUES ('427', '详情', '/kaola/goodsInfo/view', '详情', 'icon-btn', '423', '0', '0', '1', '1', '0', '2017-07-07 16:53:31');
INSERT INTO `sys_resource` VALUES ('428', '考拉订单管理', '/kaola/orderInfo/manager', '考拉订单管理', 'icon-folder', '422', '2', '0', '0', '1', '1', '2017-07-15 16:53:37');
INSERT INTO `sys_resource` VALUES ('429', '列表', '/kaola/orderInfo/dataGrid', '列表', 'icon-btn', '428', '0', '0', '1', '1', '0', '2017-07-15 16:54:15');
INSERT INTO `sys_resource` VALUES ('430', '详情', '/kaola/orderInfo/view', '详情', 'icon-btn', '428', '2', '0', '1', '1', '0', '2017-07-15 16:54:42');
INSERT INTO `sys_resource` VALUES ('431', '取消订单', '/kaola/orderInfo/cancelOrder', '取消订单', 'icon-btn', '428', '1', '0', '1', '1', '0', '2017-07-19 17:42:23');
INSERT INTO `sys_resource` VALUES ('432', '基础数据', '/common/dictionary/manager', '基础数据管理', 'icon-folder', '1', '0', '0', '0', '1', '0', '2017-07-27 11:35:35');
INSERT INTO `sys_resource` VALUES ('433', '锦绣通管理', '', '锦绣通管理', 'icon-company', null, '12', '0', '0', '1', '1', '2017-08-01 15:26:10');
INSERT INTO `sys_resource` VALUES ('434', '锦绣通商品管理', '/jinxiutong/goodsInfo/manager', '锦绣通商品管理', 'icon-folder', '433', '0', '0', '0', '1', '1', '2017-08-01 15:27:01');
INSERT INTO `sys_resource` VALUES ('435', '列表', '/jinxiutong/goodsInfo/dataGrid', '列表', 'icon-btn', '434', '0', '0', '1', '1', '0', '2017-08-01 15:28:55');
INSERT INTO `sys_resource` VALUES ('436', '锦绣通订单', '/jinxiutong/ordersInfo/manager', '锦绣通订单', 'icon-folder', '433', '2', '0', '0', '1', '1', '2017-08-10 13:51:08');
INSERT INTO `sys_resource` VALUES ('437', '列表', '/jinxiutong/ordersInfo/dataGrid', '列表', 'icon-btn', '436', '0', '0', '1', '1', '0', '2017-08-10 13:52:08');
INSERT INTO `sys_resource` VALUES ('438', '物流', '/portalpay/tradeOrders/logisticsEdit', '物流', 'icon-btn', '253', '0', '0', '1', '1', '0', '2017-08-11 14:26:28');
INSERT INTO `sys_resource` VALUES ('439', '编辑', '/common/dictionary/edit', '编辑', 'icon-btn', '432', '0', '0', '1', '1', '0', '2017-08-25 17:38:59');
INSERT INTO `sys_resource` VALUES ('440', '删除', '/common/dictionary/delete', '删除', 'icon-btn', '432', '0', '0', '1', '1', '0', '2017-08-25 17:39:27');
INSERT INTO `sys_resource` VALUES ('442', '供应商通知地址', '/portalpay/supplierNotify/manager', '供应商通知地址', 'icon-folder', '252', '5', '0', '0', '1', '0', '2017-09-12 11:07:59');
INSERT INTO `sys_resource` VALUES ('443', '列表', '/portalpay/supplierNotify/dataGrid', '列表', 'icon-btn', '442', '0', '0', '1', '1', '0', '2017-09-12 11:09:36');
INSERT INTO `sys_resource` VALUES ('444', '供应商通知结果', '/portalpay/orderNotify/manager', '供应商通知结果', 'icon-folder', '252', '4', '0', '0', '1', '0', '2017-09-12 11:11:15');
INSERT INTO `sys_resource` VALUES ('445', '列表', '/portalpay/orderNotify/dataGrid', '列表', 'icon-btn', '444', '0', '0', '1', '1', '0', '2017-09-12 11:11:56');
INSERT INTO `sys_resource` VALUES ('446', '海航充值', '/common/recharge/manager', '海航充值', 'icon-folder', '259', '0', '0', '0', '1', '0', '2017-09-24 10:57:17');
INSERT INTO `sys_resource` VALUES ('447', '列表', '/common/recharge/dataGrid', '列表', 'icon-btn', '446', '0', '0', '1', '1', '0', '2017-09-24 10:58:19');
INSERT INTO `sys_resource` VALUES ('448', '状态', '/common/recharge/state', '状态', 'icon-btn', '446', '0', '0', '1', '1', '0', '2017-09-24 11:00:13');
INSERT INTO `sys_resource` VALUES ('449', '错误日志', '/common/sysErrMess/manager', '错误日志', 'icon-folder', '259', '0', '0', '0', '1', '0', '2017-11-01 09:22:58');
INSERT INTO `sys_resource` VALUES ('450', '列表', '/common/sysErrMess/dataGrid', '列表', 'icon-btn', '449', '0', '0', '1', '1', '0', '2017-11-01 09:23:55');

-- ----------------------------
-- Table structure for sys_role
-- ----------------------------
DROP TABLE IF EXISTS `sys_role`;
CREATE TABLE `sys_role` (
  `id` int(5) NOT NULL AUTO_INCREMENT,
  `name` varchar(64) NOT NULL,
  `seq` int(1) NOT NULL DEFAULT '0',
  `description` varchar(64) DEFAULT NULL,
  `isdefault` int(1) NOT NULL DEFAULT '0',
  `updatetime` datetime DEFAULT NULL,
  `savetime` datetime DEFAULT NULL,
  `create_time` varchar(255) DEFAULT NULL,
  `update_time` varchar(255) DEFAULT NULL,
  PRIMARY KEY (`id`)
) ENGINE=MyISAM AUTO_INCREMENT=15 DEFAULT CHARSET=utf8 COMMENT='角色';

-- ----------------------------
-- Records of sys_role
-- ----------------------------
INSERT INTO `sys_role` VALUES ('1', '超级管理员', '0', '超级管理员，拥有全部权限', '0', null, null, null, null);
INSERT INTO `sys_role` VALUES ('2', '开发', '1', '', '1', null, null, null, null);
INSERT INTO `sys_role` VALUES ('3', '商场订单查询', '2', '', '1', null, null, null, null);
INSERT INTO `sys_role` VALUES ('4', '设备管理', '4', '', '1', null, null, null, null);
INSERT INTO `sys_role` VALUES ('5', '退款管理', '5', '退款管理', '1', null, null, null, null);
INSERT INTO `sys_role` VALUES ('6', 'hu', '7', '对账测试使用', '1', null, null, null, null);
INSERT INTO `sys_role` VALUES ('7', '订单查询', '6', '', '1', null, null, null, null);
INSERT INTO `sys_role` VALUES ('11', '短信管理', '0', '', '1', null, null, null, null);
INSERT INTO `sys_role` VALUES ('12', '中银管理', '9', '', '1', null, null, null, null);
INSERT INTO `sys_role` VALUES ('13', '基础数据', '0', '', '1', null, null, null, null);
INSERT INTO `sys_role` VALUES ('14', '圣地亚订单', '0', '', '1', null, null, null, null);

-- ----------------------------
-- Table structure for sys_role_resource
-- ----------------------------
DROP TABLE IF EXISTS `sys_role_resource`;
CREATE TABLE `sys_role_resource` (
  `role_id` int(5) NOT NULL,
  `resource_id` int(5) NOT NULL,
  PRIMARY KEY (`role_id`,`resource_id`)
) ENGINE=MyISAM DEFAULT CHARSET=utf8 COMMENT='角色资源';

-- ----------------------------
-- Records of sys_role_resource
-- ----------------------------
INSERT INTO `sys_role_resource` VALUES ('1', '1');
INSERT INTO `sys_role_resource` VALUES ('1', '2');
INSERT INTO `sys_role_resource` VALUES ('1', '11');
INSERT INTO `sys_role_resource` VALUES ('1', '12');
INSERT INTO `sys_role_resource` VALUES ('1', '13');
INSERT INTO `sys_role_resource` VALUES ('1', '14');
INSERT INTO `sys_role_resource` VALUES ('1', '22');
INSERT INTO `sys_role_resource` VALUES ('1', '111');
INSERT INTO `sys_role_resource` VALUES ('1', '112');
INSERT INTO `sys_role_resource` VALUES ('1', '113');
INSERT INTO `sys_role_resource` VALUES ('1', '114');
INSERT INTO `sys_role_resource` VALUES ('1', '121');
INSERT INTO `sys_role_resource` VALUES ('1', '122');
INSERT INTO `sys_role_resource` VALUES ('1', '123');
INSERT INTO `sys_role_resource` VALUES ('1', '124');
INSERT INTO `sys_role_resource` VALUES ('1', '125');
INSERT INTO `sys_role_resource` VALUES ('1', '131');
INSERT INTO `sys_role_resource` VALUES ('1', '132');
INSERT INTO `sys_role_resource` VALUES ('1', '133');
INSERT INTO `sys_role_resource` VALUES ('1', '134');
INSERT INTO `sys_role_resource` VALUES ('1', '135');
INSERT INTO `sys_role_resource` VALUES ('1', '141');
INSERT INTO `sys_role_resource` VALUES ('1', '142');
INSERT INTO `sys_role_resource` VALUES ('1', '143');
INSERT INTO `sys_role_resource` VALUES ('1', '144');
INSERT INTO `sys_role_resource` VALUES ('1', '145');
INSERT INTO `sys_role_resource` VALUES ('1', '219');
INSERT INTO `sys_role_resource` VALUES ('1', '223');
INSERT INTO `sys_role_resource` VALUES ('1', '224');
INSERT INTO `sys_role_resource` VALUES ('1', '225');
INSERT INTO `sys_role_resource` VALUES ('1', '226');
INSERT INTO `sys_role_resource` VALUES ('1', '227');
INSERT INTO `sys_role_resource` VALUES ('1', '228');
INSERT INTO `sys_role_resource` VALUES ('1', '229');
INSERT INTO `sys_role_resource` VALUES ('1', '230');
INSERT INTO `sys_role_resource` VALUES ('1', '231');
INSERT INTO `sys_role_resource` VALUES ('1', '232');
INSERT INTO `sys_role_resource` VALUES ('1', '233');
INSERT INTO `sys_role_resource` VALUES ('1', '234');
INSERT INTO `sys_role_resource` VALUES ('1', '235');
INSERT INTO `sys_role_resource` VALUES ('1', '236');
INSERT INTO `sys_role_resource` VALUES ('1', '237');
INSERT INTO `sys_role_resource` VALUES ('1', '238');
INSERT INTO `sys_role_resource` VALUES ('1', '239');
INSERT INTO `sys_role_resource` VALUES ('1', '241');
INSERT INTO `sys_role_resource` VALUES ('1', '242');
INSERT INTO `sys_role_resource` VALUES ('1', '247');
INSERT INTO `sys_role_resource` VALUES ('1', '248');
INSERT INTO `sys_role_resource` VALUES ('1', '249');
INSERT INTO `sys_role_resource` VALUES ('1', '250');
INSERT INTO `sys_role_resource` VALUES ('1', '251');
INSERT INTO `sys_role_resource` VALUES ('1', '252');
INSERT INTO `sys_role_resource` VALUES ('1', '253');
INSERT INTO `sys_role_resource` VALUES ('1', '254');
INSERT INTO `sys_role_resource` VALUES ('1', '255');
INSERT INTO `sys_role_resource` VALUES ('1', '256');
INSERT INTO `sys_role_resource` VALUES ('1', '257');
INSERT INTO `sys_role_resource` VALUES ('1', '258');
INSERT INTO `sys_role_resource` VALUES ('1', '259');
INSERT INTO `sys_role_resource` VALUES ('1', '260');
INSERT INTO `sys_role_resource` VALUES ('1', '261');
INSERT INTO `sys_role_resource` VALUES ('1', '262');
INSERT INTO `sys_role_resource` VALUES ('1', '263');
INSERT INTO `sys_role_resource` VALUES ('1', '264');
INSERT INTO `sys_role_resource` VALUES ('1', '265');
INSERT INTO `sys_role_resource` VALUES ('1', '266');
INSERT INTO `sys_role_resource` VALUES ('1', '267');
INSERT INTO `sys_role_resource` VALUES ('1', '268');
INSERT INTO `sys_role_resource` VALUES ('1', '269');
INSERT INTO `sys_role_resource` VALUES ('1', '270');
INSERT INTO `sys_role_resource` VALUES ('1', '271');
INSERT INTO `sys_role_resource` VALUES ('1', '272');
INSERT INTO `sys_role_resource` VALUES ('1', '273');
INSERT INTO `sys_role_resource` VALUES ('1', '274');
INSERT INTO `sys_role_resource` VALUES ('1', '275');
INSERT INTO `sys_role_resource` VALUES ('1', '276');
INSERT INTO `sys_role_resource` VALUES ('1', '277');
INSERT INTO `sys_role_resource` VALUES ('1', '278');
INSERT INTO `sys_role_resource` VALUES ('1', '279');
INSERT INTO `sys_role_resource` VALUES ('1', '281');
INSERT INTO `sys_role_resource` VALUES ('1', '282');
INSERT INTO `sys_role_resource` VALUES ('1', '283');
INSERT INTO `sys_role_resource` VALUES ('1', '284');
INSERT INTO `sys_role_resource` VALUES ('1', '285');
INSERT INTO `sys_role_resource` VALUES ('1', '287');
INSERT INTO `sys_role_resource` VALUES ('1', '288');
INSERT INTO `sys_role_resource` VALUES ('1', '289');
INSERT INTO `sys_role_resource` VALUES ('1', '291');
INSERT INTO `sys_role_resource` VALUES ('1', '292');
INSERT INTO `sys_role_resource` VALUES ('1', '293');
INSERT INTO `sys_role_resource` VALUES ('1', '294');
INSERT INTO `sys_role_resource` VALUES ('1', '295');
INSERT INTO `sys_role_resource` VALUES ('1', '296');
INSERT INTO `sys_role_resource` VALUES ('1', '297');
INSERT INTO `sys_role_resource` VALUES ('1', '298');
INSERT INTO `sys_role_resource` VALUES ('1', '299');
INSERT INTO `sys_role_resource` VALUES ('1', '300');
INSERT INTO `sys_role_resource` VALUES ('1', '301');
INSERT INTO `sys_role_resource` VALUES ('1', '302');
INSERT INTO `sys_role_resource` VALUES ('1', '303');
INSERT INTO `sys_role_resource` VALUES ('1', '304');
INSERT INTO `sys_role_resource` VALUES ('1', '305');
INSERT INTO `sys_role_resource` VALUES ('1', '306');
INSERT INTO `sys_role_resource` VALUES ('1', '307');
INSERT INTO `sys_role_resource` VALUES ('1', '308');
INSERT INTO `sys_role_resource` VALUES ('1', '309');
INSERT INTO `sys_role_resource` VALUES ('1', '310');
INSERT INTO `sys_role_resource` VALUES ('1', '311');
INSERT INTO `sys_role_resource` VALUES ('1', '312');
INSERT INTO `sys_role_resource` VALUES ('1', '313');
INSERT INTO `sys_role_resource` VALUES ('1', '314');
INSERT INTO `sys_role_resource` VALUES ('1', '315');
INSERT INTO `sys_role_resource` VALUES ('1', '317');
INSERT INTO `sys_role_resource` VALUES ('1', '318');
INSERT INTO `sys_role_resource` VALUES ('1', '319');
INSERT INTO `sys_role_resource` VALUES ('1', '320');
INSERT INTO `sys_role_resource` VALUES ('1', '321');
INSERT INTO `sys_role_resource` VALUES ('1', '322');
INSERT INTO `sys_role_resource` VALUES ('1', '323');
INSERT INTO `sys_role_resource` VALUES ('1', '324');
INSERT INTO `sys_role_resource` VALUES ('1', '325');
INSERT INTO `sys_role_resource` VALUES ('1', '327');
INSERT INTO `sys_role_resource` VALUES ('1', '328');
INSERT INTO `sys_role_resource` VALUES ('1', '329');
INSERT INTO `sys_role_resource` VALUES ('1', '330');
INSERT INTO `sys_role_resource` VALUES ('1', '331');
INSERT INTO `sys_role_resource` VALUES ('1', '338');
INSERT INTO `sys_role_resource` VALUES ('1', '339');
INSERT INTO `sys_role_resource` VALUES ('1', '340');
INSERT INTO `sys_role_resource` VALUES ('1', '341');
INSERT INTO `sys_role_resource` VALUES ('1', '342');
INSERT INTO `sys_role_resource` VALUES ('1', '343');
INSERT INTO `sys_role_resource` VALUES ('1', '344');
INSERT INTO `sys_role_resource` VALUES ('1', '369');
INSERT INTO `sys_role_resource` VALUES ('1', '370');
INSERT INTO `sys_role_resource` VALUES ('1', '371');
INSERT INTO `sys_role_resource` VALUES ('1', '372');
INSERT INTO `sys_role_resource` VALUES ('1', '373');
INSERT INTO `sys_role_resource` VALUES ('1', '374');
INSERT INTO `sys_role_resource` VALUES ('1', '375');
INSERT INTO `sys_role_resource` VALUES ('1', '376');
INSERT INTO `sys_role_resource` VALUES ('1', '377');
INSERT INTO `sys_role_resource` VALUES ('1', '378');
INSERT INTO `sys_role_resource` VALUES ('1', '379');
INSERT INTO `sys_role_resource` VALUES ('1', '380');
INSERT INTO `sys_role_resource` VALUES ('1', '381');
INSERT INTO `sys_role_resource` VALUES ('1', '382');
INSERT INTO `sys_role_resource` VALUES ('1', '383');
INSERT INTO `sys_role_resource` VALUES ('1', '384');
INSERT INTO `sys_role_resource` VALUES ('1', '385');
INSERT INTO `sys_role_resource` VALUES ('1', '386');
INSERT INTO `sys_role_resource` VALUES ('1', '387');
INSERT INTO `sys_role_resource` VALUES ('1', '388');
INSERT INTO `sys_role_resource` VALUES ('1', '389');
INSERT INTO `sys_role_resource` VALUES ('1', '390');
INSERT INTO `sys_role_resource` VALUES ('1', '391');
INSERT INTO `sys_role_resource` VALUES ('1', '392');
INSERT INTO `sys_role_resource` VALUES ('1', '393');
INSERT INTO `sys_role_resource` VALUES ('1', '394');
INSERT INTO `sys_role_resource` VALUES ('1', '395');
INSERT INTO `sys_role_resource` VALUES ('1', '396');
INSERT INTO `sys_role_resource` VALUES ('1', '397');
INSERT INTO `sys_role_resource` VALUES ('1', '398');
INSERT INTO `sys_role_resource` VALUES ('1', '399');
INSERT INTO `sys_role_resource` VALUES ('1', '400');
INSERT INTO `sys_role_resource` VALUES ('1', '401');
INSERT INTO `sys_role_resource` VALUES ('1', '402');
INSERT INTO `sys_role_resource` VALUES ('1', '403');
INSERT INTO `sys_role_resource` VALUES ('1', '404');
INSERT INTO `sys_role_resource` VALUES ('1', '405');
INSERT INTO `sys_role_resource` VALUES ('1', '406');
INSERT INTO `sys_role_resource` VALUES ('1', '407');
INSERT INTO `sys_role_resource` VALUES ('1', '408');
INSERT INTO `sys_role_resource` VALUES ('1', '409');
INSERT INTO `sys_role_resource` VALUES ('1', '410');
INSERT INTO `sys_role_resource` VALUES ('1', '411');
INSERT INTO `sys_role_resource` VALUES ('1', '413');
INSERT INTO `sys_role_resource` VALUES ('1', '414');
INSERT INTO `sys_role_resource` VALUES ('1', '415');
INSERT INTO `sys_role_resource` VALUES ('1', '416');
INSERT INTO `sys_role_resource` VALUES ('1', '417');
INSERT INTO `sys_role_resource` VALUES ('1', '418');
INSERT INTO `sys_role_resource` VALUES ('1', '419');
INSERT INTO `sys_role_resource` VALUES ('1', '420');
INSERT INTO `sys_role_resource` VALUES ('1', '421');
INSERT INTO `sys_role_resource` VALUES ('1', '422');
INSERT INTO `sys_role_resource` VALUES ('1', '423');
INSERT INTO `sys_role_resource` VALUES ('1', '424');
INSERT INTO `sys_role_resource` VALUES ('1', '425');
INSERT INTO `sys_role_resource` VALUES ('1', '426');
INSERT INTO `sys_role_resource` VALUES ('1', '427');
INSERT INTO `sys_role_resource` VALUES ('1', '428');
INSERT INTO `sys_role_resource` VALUES ('1', '429');
INSERT INTO `sys_role_resource` VALUES ('1', '430');
INSERT INTO `sys_role_resource` VALUES ('1', '431');
INSERT INTO `sys_role_resource` VALUES ('1', '432');
INSERT INTO `sys_role_resource` VALUES ('1', '433');
INSERT INTO `sys_role_resource` VALUES ('1', '434');
INSERT INTO `sys_role_resource` VALUES ('1', '435');
INSERT INTO `sys_role_resource` VALUES ('1', '436');
INSERT INTO `sys_role_resource` VALUES ('1', '437');
INSERT INTO `sys_role_resource` VALUES ('1', '438');
INSERT INTO `sys_role_resource` VALUES ('1', '439');
INSERT INTO `sys_role_resource` VALUES ('1', '440');
INSERT INTO `sys_role_resource` VALUES ('1', '441');
INSERT INTO `sys_role_resource` VALUES ('1', '442');
INSERT INTO `sys_role_resource` VALUES ('1', '443');
INSERT INTO `sys_role_resource` VALUES ('1', '444');
INSERT INTO `sys_role_resource` VALUES ('1', '445');
INSERT INTO `sys_role_resource` VALUES ('1', '446');
INSERT INTO `sys_role_resource` VALUES ('1', '447');
INSERT INTO `sys_role_resource` VALUES ('1', '448');
INSERT INTO `sys_role_resource` VALUES ('1', '449');
INSERT INTO `sys_role_resource` VALUES ('1', '450');
INSERT INTO `sys_role_resource` VALUES ('2', '1');
INSERT INTO `sys_role_resource` VALUES ('2', '2');
INSERT INTO `sys_role_resource` VALUES ('2', '11');
INSERT INTO `sys_role_resource` VALUES ('2', '12');
INSERT INTO `sys_role_resource` VALUES ('2', '13');
INSERT INTO `sys_role_resource` VALUES ('2', '14');
INSERT INTO `sys_role_resource` VALUES ('2', '22');
INSERT INTO `sys_role_resource` VALUES ('2', '111');
INSERT INTO `sys_role_resource` VALUES ('2', '112');
INSERT INTO `sys_role_resource` VALUES ('2', '113');
INSERT INTO `sys_role_resource` VALUES ('2', '121');
INSERT INTO `sys_role_resource` VALUES ('2', '122');
INSERT INTO `sys_role_resource` VALUES ('2', '125');
INSERT INTO `sys_role_resource` VALUES ('2', '131');
INSERT INTO `sys_role_resource` VALUES ('2', '132');
INSERT INTO `sys_role_resource` VALUES ('2', '135');
INSERT INTO `sys_role_resource` VALUES ('2', '141');
INSERT INTO `sys_role_resource` VALUES ('2', '142');
INSERT INTO `sys_role_resource` VALUES ('2', '145');
INSERT INTO `sys_role_resource` VALUES ('2', '219');
INSERT INTO `sys_role_resource` VALUES ('2', '223');
INSERT INTO `sys_role_resource` VALUES ('2', '224');
INSERT INTO `sys_role_resource` VALUES ('2', '225');
INSERT INTO `sys_role_resource` VALUES ('2', '226');
INSERT INTO `sys_role_resource` VALUES ('2', '227');
INSERT INTO `sys_role_resource` VALUES ('2', '229');
INSERT INTO `sys_role_resource` VALUES ('2', '230');
INSERT INTO `sys_role_resource` VALUES ('2', '231');
INSERT INTO `sys_role_resource` VALUES ('2', '232');
INSERT INTO `sys_role_resource` VALUES ('2', '233');
INSERT INTO `sys_role_resource` VALUES ('2', '234');
INSERT INTO `sys_role_resource` VALUES ('2', '235');
INSERT INTO `sys_role_resource` VALUES ('2', '236');
INSERT INTO `sys_role_resource` VALUES ('2', '237');
INSERT INTO `sys_role_resource` VALUES ('2', '238');
INSERT INTO `sys_role_resource` VALUES ('2', '239');
INSERT INTO `sys_role_resource` VALUES ('2', '247');
INSERT INTO `sys_role_resource` VALUES ('2', '248');
INSERT INTO `sys_role_resource` VALUES ('2', '250');
INSERT INTO `sys_role_resource` VALUES ('2', '251');
INSERT INTO `sys_role_resource` VALUES ('2', '252');
INSERT INTO `sys_role_resource` VALUES ('2', '253');
INSERT INTO `sys_role_resource` VALUES ('2', '254');
INSERT INTO `sys_role_resource` VALUES ('2', '255');
INSERT INTO `sys_role_resource` VALUES ('2', '256');
INSERT INTO `sys_role_resource` VALUES ('2', '257');
INSERT INTO `sys_role_resource` VALUES ('2', '259');
INSERT INTO `sys_role_resource` VALUES ('2', '260');
INSERT INTO `sys_role_resource` VALUES ('2', '261');
INSERT INTO `sys_role_resource` VALUES ('2', '262');
INSERT INTO `sys_role_resource` VALUES ('2', '263');
INSERT INTO `sys_role_resource` VALUES ('2', '264');
INSERT INTO `sys_role_resource` VALUES ('2', '265');
INSERT INTO `sys_role_resource` VALUES ('2', '266');
INSERT INTO `sys_role_resource` VALUES ('2', '269');
INSERT INTO `sys_role_resource` VALUES ('2', '270');
INSERT INTO `sys_role_resource` VALUES ('2', '271');
INSERT INTO `sys_role_resource` VALUES ('2', '273');
INSERT INTO `sys_role_resource` VALUES ('2', '274');
INSERT INTO `sys_role_resource` VALUES ('2', '275');
INSERT INTO `sys_role_resource` VALUES ('2', '276');
INSERT INTO `sys_role_resource` VALUES ('2', '277');
INSERT INTO `sys_role_resource` VALUES ('2', '278');
INSERT INTO `sys_role_resource` VALUES ('2', '281');
INSERT INTO `sys_role_resource` VALUES ('2', '282');
INSERT INTO `sys_role_resource` VALUES ('2', '283');
INSERT INTO `sys_role_resource` VALUES ('2', '284');
INSERT INTO `sys_role_resource` VALUES ('2', '285');
INSERT INTO `sys_role_resource` VALUES ('2', '287');
INSERT INTO `sys_role_resource` VALUES ('2', '289');
INSERT INTO `sys_role_resource` VALUES ('2', '297');
INSERT INTO `sys_role_resource` VALUES ('2', '298');
INSERT INTO `sys_role_resource` VALUES ('2', '299');
INSERT INTO `sys_role_resource` VALUES ('2', '300');
INSERT INTO `sys_role_resource` VALUES ('2', '301');
INSERT INTO `sys_role_resource` VALUES ('2', '302');
INSERT INTO `sys_role_resource` VALUES ('2', '303');
INSERT INTO `sys_role_resource` VALUES ('2', '304');
INSERT INTO `sys_role_resource` VALUES ('2', '309');
INSERT INTO `sys_role_resource` VALUES ('2', '310');
INSERT INTO `sys_role_resource` VALUES ('2', '311');
INSERT INTO `sys_role_resource` VALUES ('2', '312');
INSERT INTO `sys_role_resource` VALUES ('2', '313');
INSERT INTO `sys_role_resource` VALUES ('2', '314');
INSERT INTO `sys_role_resource` VALUES ('2', '315');
INSERT INTO `sys_role_resource` VALUES ('2', '317');
INSERT INTO `sys_role_resource` VALUES ('2', '318');
INSERT INTO `sys_role_resource` VALUES ('2', '319');
INSERT INTO `sys_role_resource` VALUES ('2', '321');
INSERT INTO `sys_role_resource` VALUES ('2', '322');
INSERT INTO `sys_role_resource` VALUES ('2', '323');
INSERT INTO `sys_role_resource` VALUES ('2', '338');
INSERT INTO `sys_role_resource` VALUES ('2', '369');
INSERT INTO `sys_role_resource` VALUES ('2', '370');
INSERT INTO `sys_role_resource` VALUES ('2', '371');
INSERT INTO `sys_role_resource` VALUES ('2', '373');
INSERT INTO `sys_role_resource` VALUES ('2', '374');
INSERT INTO `sys_role_resource` VALUES ('2', '375');
INSERT INTO `sys_role_resource` VALUES ('2', '376');
INSERT INTO `sys_role_resource` VALUES ('2', '377');
INSERT INTO `sys_role_resource` VALUES ('2', '380');
INSERT INTO `sys_role_resource` VALUES ('2', '381');
INSERT INTO `sys_role_resource` VALUES ('2', '382');
INSERT INTO `sys_role_resource` VALUES ('2', '383');
INSERT INTO `sys_role_resource` VALUES ('2', '384');
INSERT INTO `sys_role_resource` VALUES ('2', '389');
INSERT INTO `sys_role_resource` VALUES ('2', '395');
INSERT INTO `sys_role_resource` VALUES ('2', '396');
INSERT INTO `sys_role_resource` VALUES ('2', '398');
INSERT INTO `sys_role_resource` VALUES ('2', '399');
INSERT INTO `sys_role_resource` VALUES ('2', '401');
INSERT INTO `sys_role_resource` VALUES ('2', '402');
INSERT INTO `sys_role_resource` VALUES ('2', '403');
INSERT INTO `sys_role_resource` VALUES ('2', '404');
INSERT INTO `sys_role_resource` VALUES ('2', '407');
INSERT INTO `sys_role_resource` VALUES ('2', '408');
INSERT INTO `sys_role_resource` VALUES ('2', '409');
INSERT INTO `sys_role_resource` VALUES ('2', '410');
INSERT INTO `sys_role_resource` VALUES ('2', '411');
INSERT INTO `sys_role_resource` VALUES ('2', '413');
INSERT INTO `sys_role_resource` VALUES ('2', '414');
INSERT INTO `sys_role_resource` VALUES ('2', '416');
INSERT INTO `sys_role_resource` VALUES ('2', '417');
INSERT INTO `sys_role_resource` VALUES ('2', '418');
INSERT INTO `sys_role_resource` VALUES ('2', '419');
INSERT INTO `sys_role_resource` VALUES ('3', '219');
INSERT INTO `sys_role_resource` VALUES ('3', '223');
INSERT INTO `sys_role_resource` VALUES ('3', '224');
INSERT INTO `sys_role_resource` VALUES ('3', '225');
INSERT INTO `sys_role_resource` VALUES ('3', '230');
INSERT INTO `sys_role_resource` VALUES ('3', '231');
INSERT INTO `sys_role_resource` VALUES ('3', '232');
INSERT INTO `sys_role_resource` VALUES ('3', '233');
INSERT INTO `sys_role_resource` VALUES ('3', '234');
INSERT INTO `sys_role_resource` VALUES ('3', '235');
INSERT INTO `sys_role_resource` VALUES ('3', '236');
INSERT INTO `sys_role_resource` VALUES ('3', '237');
INSERT INTO `sys_role_resource` VALUES ('3', '252');
INSERT INTO `sys_role_resource` VALUES ('3', '253');
INSERT INTO `sys_role_resource` VALUES ('3', '254');
INSERT INTO `sys_role_resource` VALUES ('3', '255');
INSERT INTO `sys_role_resource` VALUES ('3', '256');
INSERT INTO `sys_role_resource` VALUES ('3', '257');
INSERT INTO `sys_role_resource` VALUES ('3', '259');
INSERT INTO `sys_role_resource` VALUES ('3', '265');
INSERT INTO `sys_role_resource` VALUES ('3', '266');
INSERT INTO `sys_role_resource` VALUES ('3', '277');
INSERT INTO `sys_role_resource` VALUES ('3', '278');
INSERT INTO `sys_role_resource` VALUES ('3', '289');
INSERT INTO `sys_role_resource` VALUES ('3', '309');
INSERT INTO `sys_role_resource` VALUES ('3', '310');
INSERT INTO `sys_role_resource` VALUES ('3', '311');
INSERT INTO `sys_role_resource` VALUES ('3', '312');
INSERT INTO `sys_role_resource` VALUES ('3', '313');
INSERT INTO `sys_role_resource` VALUES ('3', '314');
INSERT INTO `sys_role_resource` VALUES ('3', '315');
INSERT INTO `sys_role_resource` VALUES ('3', '317');
INSERT INTO `sys_role_resource` VALUES ('3', '318');
INSERT INTO `sys_role_resource` VALUES ('3', '319');
INSERT INTO `sys_role_resource` VALUES ('3', '321');
INSERT INTO `sys_role_resource` VALUES ('3', '322');
INSERT INTO `sys_role_resource` VALUES ('3', '323');
INSERT INTO `sys_role_resource` VALUES ('3', '325');
INSERT INTO `sys_role_resource` VALUES ('3', '330');
INSERT INTO `sys_role_resource` VALUES ('3', '331');
INSERT INTO `sys_role_resource` VALUES ('3', '338');
INSERT INTO `sys_role_resource` VALUES ('3', '339');
INSERT INTO `sys_role_resource` VALUES ('3', '340');
INSERT INTO `sys_role_resource` VALUES ('3', '369');
INSERT INTO `sys_role_resource` VALUES ('3', '374');
INSERT INTO `sys_role_resource` VALUES ('3', '395');
INSERT INTO `sys_role_resource` VALUES ('3', '396');
INSERT INTO `sys_role_resource` VALUES ('3', '398');
INSERT INTO `sys_role_resource` VALUES ('3', '399');
INSERT INTO `sys_role_resource` VALUES ('3', '402');
INSERT INTO `sys_role_resource` VALUES ('3', '404');
INSERT INTO `sys_role_resource` VALUES ('3', '409');
INSERT INTO `sys_role_resource` VALUES ('3', '411');
INSERT INTO `sys_role_resource` VALUES ('3', '413');
INSERT INTO `sys_role_resource` VALUES ('3', '414');
INSERT INTO `sys_role_resource` VALUES ('3', '415');
INSERT INTO `sys_role_resource` VALUES ('3', '420');
INSERT INTO `sys_role_resource` VALUES ('3', '421');
INSERT INTO `sys_role_resource` VALUES ('3', '422');
INSERT INTO `sys_role_resource` VALUES ('3', '423');
INSERT INTO `sys_role_resource` VALUES ('3', '424');
INSERT INTO `sys_role_resource` VALUES ('3', '425');
INSERT INTO `sys_role_resource` VALUES ('3', '427');
INSERT INTO `sys_role_resource` VALUES ('3', '446');
INSERT INTO `sys_role_resource` VALUES ('3', '447');
INSERT INTO `sys_role_resource` VALUES ('3', '448');
INSERT INTO `sys_role_resource` VALUES ('4', '219');
INSERT INTO `sys_role_resource` VALUES ('4', '233');
INSERT INTO `sys_role_resource` VALUES ('4', '234');
INSERT INTO `sys_role_resource` VALUES ('4', '235');
INSERT INTO `sys_role_resource` VALUES ('4', '238');
INSERT INTO `sys_role_resource` VALUES ('4', '239');
INSERT INTO `sys_role_resource` VALUES ('4', '259');
INSERT INTO `sys_role_resource` VALUES ('4', '269');
INSERT INTO `sys_role_resource` VALUES ('4', '270');
INSERT INTO `sys_role_resource` VALUES ('4', '271');
INSERT INTO `sys_role_resource` VALUES ('4', '273');
INSERT INTO `sys_role_resource` VALUES ('4', '274');
INSERT INTO `sys_role_resource` VALUES ('4', '275');
INSERT INTO `sys_role_resource` VALUES ('4', '276');
INSERT INTO `sys_role_resource` VALUES ('4', '281');
INSERT INTO `sys_role_resource` VALUES ('4', '282');
INSERT INTO `sys_role_resource` VALUES ('4', '283');
INSERT INTO `sys_role_resource` VALUES ('4', '284');
INSERT INTO `sys_role_resource` VALUES ('4', '285');
INSERT INTO `sys_role_resource` VALUES ('4', '287');
INSERT INTO `sys_role_resource` VALUES ('4', '288');
INSERT INTO `sys_role_resource` VALUES ('4', '289');
INSERT INTO `sys_role_resource` VALUES ('4', '295');
INSERT INTO `sys_role_resource` VALUES ('4', '297');
INSERT INTO `sys_role_resource` VALUES ('4', '369');
INSERT INTO `sys_role_resource` VALUES ('4', '370');
INSERT INTO `sys_role_resource` VALUES ('4', '371');
INSERT INTO `sys_role_resource` VALUES ('4', '373');
INSERT INTO `sys_role_resource` VALUES ('4', '401');
INSERT INTO `sys_role_resource` VALUES ('4', '402');
INSERT INTO `sys_role_resource` VALUES ('4', '403');
INSERT INTO `sys_role_resource` VALUES ('4', '404');
INSERT INTO `sys_role_resource` VALUES ('4', '407');
INSERT INTO `sys_role_resource` VALUES ('4', '408');
INSERT INTO `sys_role_resource` VALUES ('4', '409');
INSERT INTO `sys_role_resource` VALUES ('4', '410');
INSERT INTO `sys_role_resource` VALUES ('4', '411');
INSERT INTO `sys_role_resource` VALUES ('4', '416');
INSERT INTO `sys_role_resource` VALUES ('4', '417');
INSERT INTO `sys_role_resource` VALUES ('4', '418');
INSERT INTO `sys_role_resource` VALUES ('4', '419');
INSERT INTO `sys_role_resource` VALUES ('5', '219');
INSERT INTO `sys_role_resource` VALUES ('5', '235');
INSERT INTO `sys_role_resource` VALUES ('5', '252');
INSERT INTO `sys_role_resource` VALUES ('5', '253');
INSERT INTO `sys_role_resource` VALUES ('5', '260');
INSERT INTO `sys_role_resource` VALUES ('5', '261');
INSERT INTO `sys_role_resource` VALUES ('5', '263');
INSERT INTO `sys_role_resource` VALUES ('5', '298');
INSERT INTO `sys_role_resource` VALUES ('5', '299');
INSERT INTO `sys_role_resource` VALUES ('5', '303');
INSERT INTO `sys_role_resource` VALUES ('5', '304');
INSERT INTO `sys_role_resource` VALUES ('5', '308');
INSERT INTO `sys_role_resource` VALUES ('5', '374');
INSERT INTO `sys_role_resource` VALUES ('5', '375');
INSERT INTO `sys_role_resource` VALUES ('5', '376');
INSERT INTO `sys_role_resource` VALUES ('5', '377');
INSERT INTO `sys_role_resource` VALUES ('5', '389');
INSERT INTO `sys_role_resource` VALUES ('5', '391');
INSERT INTO `sys_role_resource` VALUES ('5', '392');
INSERT INTO `sys_role_resource` VALUES ('5', '393');
INSERT INTO `sys_role_resource` VALUES ('5', '441');
INSERT INTO `sys_role_resource` VALUES ('6', '259');
INSERT INTO `sys_role_resource` VALUES ('6', '289');
INSERT INTO `sys_role_resource` VALUES ('7', '219');
INSERT INTO `sys_role_resource` VALUES ('7', '223');
INSERT INTO `sys_role_resource` VALUES ('7', '224');
INSERT INTO `sys_role_resource` VALUES ('7', '225');
INSERT INTO `sys_role_resource` VALUES ('7', '233');
INSERT INTO `sys_role_resource` VALUES ('7', '234');
INSERT INTO `sys_role_resource` VALUES ('7', '235');
INSERT INTO `sys_role_resource` VALUES ('7', '236');
INSERT INTO `sys_role_resource` VALUES ('7', '237');
INSERT INTO `sys_role_resource` VALUES ('7', '257');
INSERT INTO `sys_role_resource` VALUES ('7', '265');
INSERT INTO `sys_role_resource` VALUES ('7', '266');
INSERT INTO `sys_role_resource` VALUES ('7', '277');
INSERT INTO `sys_role_resource` VALUES ('7', '278');
INSERT INTO `sys_role_resource` VALUES ('7', '295');
INSERT INTO `sys_role_resource` VALUES ('11', '327');
INSERT INTO `sys_role_resource` VALUES ('11', '328');
INSERT INTO `sys_role_resource` VALUES ('11', '341');
INSERT INTO `sys_role_resource` VALUES ('12', '369');
INSERT INTO `sys_role_resource` VALUES ('12', '416');
INSERT INTO `sys_role_resource` VALUES ('12', '417');
INSERT INTO `sys_role_resource` VALUES ('12', '418');
INSERT INTO `sys_role_resource` VALUES ('12', '419');
INSERT INTO `sys_role_resource` VALUES ('13', '1');
INSERT INTO `sys_role_resource` VALUES ('13', '432');
INSERT INTO `sys_role_resource` VALUES ('13', '439');
INSERT INTO `sys_role_resource` VALUES ('14', '235');
INSERT INTO `sys_role_resource` VALUES ('14', '380');
INSERT INTO `sys_role_resource` VALUES ('14', '381');
INSERT INTO `sys_role_resource` VALUES ('14', '382');
INSERT INTO `sys_role_resource` VALUES ('14', '384');

-- ----------------------------
-- Table structure for sys_user
-- ----------------------------
DROP TABLE IF EXISTS `sys_user`;
CREATE TABLE `sys_user` (
  `id` int(5) NOT NULL AUTO_INCREMENT,
  `loginname` varchar(64) NOT NULL,
  `name` varchar(64) NOT NULL,
  `password` varchar(64) NOT NULL,
  `customer_id` int(11) DEFAULT NULL,
  `sex` int(1) DEFAULT '0',
  `age` int(1) DEFAULT '0',
  `usertype` int(1) DEFAULT '0',
  `isdefault` int(1) DEFAULT '0',
  `state` int(1) DEFAULT '0',
  `organization_id` int(11) DEFAULT '0',
  `organizationName` varchar(32) DEFAULT NULL,
  `createdatetime` datetime DEFAULT NULL,
  `phone` varchar(20) DEFAULT NULL,
  `airCompany` varchar(10) DEFAULT NULL COMMENT '航渠HU  Y8 ',
  `supplier_id` int(11) DEFAULT NULL COMMENT '供应商id',
  PRIMARY KEY (`id`),
  UNIQUE KEY `loginname` (`loginname`)
) ENGINE=MyISAM AUTO_INCREMENT=36 DEFAULT CHARSET=utf8 COMMENT='用户';

-- ----------------------------
-- Records of sys_user
-- ----------------------------
INSERT INTO `sys_user` VALUES ('1', 'admin', '超级管理员', 'cd92a26534dba48cd785cdcc0b3e6bd1', null, '0', '18', '0', '0', '0', '1', null, '2012-06-04 01:00:00', null, 'HU', '86');
INSERT INTO `sys_user` VALUES ('6', 'kaifa', 'kaifa', '07274ed7c513ab6804468f2542c3160a', null, '0', '0', '1', '1', '0', '1', null, '2017-02-22 10:03:03', '', '', null);
INSERT INTO `sys_user` VALUES ('12', 'wljun', '王柳匀', 'a047069d8c032593ec5d4a87f55c5b25', null, '1', '0', '1', '1', '0', '3', null, '2017-03-09 18:52:04', '', '', null);
INSERT INTO `sys_user` VALUES ('13', 'lsw', '林丝雯', '45629f7a7509bf9f743bf0a0004b3ee4', null, '1', '26', '1', '1', '0', '3', null, '2017-03-17 10:35:59', '18301131061', null, null);
INSERT INTO `sys_user` VALUES ('16', 'liyun', '李云', '83d85fd34dd7cf9ca5877414b416f999', null, '1', null, '1', '1', '0', '3', null, '2017-05-03 13:25:50', '13370165820', '', null);
INSERT INTO `sys_user` VALUES ('25', 'zhaofengfei', '赵凤飞', '923dd38b441f7a1dfc43a6b21c5e723e', null, '1', null, '1', '1', '0', '3', null, '2017-05-15 14:14:03', '', '', null);
INSERT INTO `sys_user` VALUES ('26', 'caibosen', '蔡博森', 'd2c514c4ab1542d5bc979374fd92ad32', null, '0', null, '1', '1', '1', '3', null, '2017-05-15 14:14:03', '', '', null);
INSERT INTO `sys_user` VALUES ('35', 'luyan', '鲁沿', 'fdb991343811b0ef92cb36d0f52d2fc5', null, '1', null, '1', '1', '0', '2', null, '2017-09-01 11:38:00', '', '', null);
INSERT INTO `sys_user` VALUES ('28', 'hu', '海南航空', '18bd9197cb1d833bc352f47535c00320', null, '0', '1001', '1', '1', '0', '2', null, '2017-05-17 15:03:19', '', 'HU', '100');
INSERT INTO `sys_user` VALUES ('33', 'qiaoyangyang', '乔阳阳', '8bcc6aed74d022069b8e2deafc62ce5a', null, '1', null, '1', '1', '0', '3', null, '2017-05-23 14:13:58', '', '', null);
INSERT INTO `sys_user` VALUES ('34', 'qiaozhi', '乔治', '4d0c9c76b66f2077f18225f8679b0df1', null, '0', null, '1', '1', '0', '3', null, '2017-06-01 15:06:04', '13241977592', '', null);

-- ----------------------------
-- Table structure for sys_user_role
-- ----------------------------
DROP TABLE IF EXISTS `sys_user_role`;
CREATE TABLE `sys_user_role` (
  `user_id` int(5) NOT NULL,
  `role_id` int(5) NOT NULL,
  PRIMARY KEY (`user_id`,`role_id`)
) ENGINE=MyISAM DEFAULT CHARSET=utf8 COMMENT='用户角色';

-- ----------------------------
-- Records of sys_user_role
-- ----------------------------
INSERT INTO `sys_user_role` VALUES ('1', '1');
INSERT INTO `sys_user_role` VALUES ('6', '2');
INSERT INTO `sys_user_role` VALUES ('12', '3');
INSERT INTO `sys_user_role` VALUES ('13', '4');
INSERT INTO `sys_user_role` VALUES ('16', '3');
INSERT INTO `sys_user_role` VALUES ('16', '5');
INSERT INTO `sys_user_role` VALUES ('16', '11');
INSERT INTO `sys_user_role` VALUES ('16', '12');
INSERT INTO `sys_user_role` VALUES ('16', '13');
INSERT INTO `sys_user_role` VALUES ('25', '3');
INSERT INTO `sys_user_role` VALUES ('26', '3');
INSERT INTO `sys_user_role` VALUES ('28', '6');
INSERT INTO `sys_user_role` VALUES ('33', '3');
INSERT INTO `sys_user_role` VALUES ('33', '5');
INSERT INTO `sys_user_role` VALUES ('34', '3');
INSERT INTO `sys_user_role` VALUES ('34', '4');
INSERT INTO `sys_user_role` VALUES ('34', '5');
INSERT INTO `sys_user_role` VALUES ('34', '7');
INSERT INTO `sys_user_role` VALUES ('34', '11');
INSERT INTO `sys_user_role` VALUES ('34', '13');
INSERT INTO `sys_user_role` VALUES ('35', '14');
